Workbook

Sheet Guide
B2: MLB Hitter Monthly Tracker - 2026
B3: Emerson Jimenez | Emerson Performance (EP) | ejimenezperformance.github.io
B4: Source: Baseball Savant Statcast Search, pitch-level, 2026 regular season, all 30 teams (183,849 PA, 662 hitters). A traded hitter appears once per team, counting only the PAs he took for that team. Late-March games are grouped into "Mar-Apr".
B6: Tabs
B7: Player Card | C7: Pick a team, then a hitter (yellow cells): every metric by month + season, with trend charts.
B8: Team | C8: Pick a team: team offense by month next to the MLB season line.
B9: Trend Grid | C9: Pick a team: heat maps (hitters x months) for xwOBA, Barrel%, Chase% and Bat Speed. Hitters with 50+ PA for that team.
B10: Monthly Tracker | C10: Every team-hitter-month in MLB (use the filters). Each month vs. the hitter's season, with flags.
B11: Signal Weights | C11: League-wide test: how much of a monthly change carries into the next month. Read this before acting on a flag.
B12: Counts / Season Counts | C12: Hardcoded counting inputs from Statcast. Every other number in the workbook is a formula on these tabs.
B14: Key finding (all MLB hitters, 2026)
C15: Confirmed carry-over: Bat Speed. Bat speed: 44% of a month's change vs. the season line showed up again the next month (95% CI 0.31 to 0.57), CONFIRMED.
C16: wOBA, xwOBA, K%: no evidence a hot or cold month carries over beyond what its sample size already explains. The season line is the better guide; reacting fully to one month made next-month forecasts worse.
C17: Chase%, Barrel%: a small real carry-over, below the 0.20 bar set in advance. Watch, don't act alone.
C18: Bat speed vs. results: a slower-bat month did NOT come with a worse next-month xwOBA (+0.7 points per mph, 95% CI -7.6 to +8.4; NOT CONFIRMED). Use a ▼ Bat Speed flag for workload and health checks, not as a production forecast.
B20: Flag thresholds (edit the yellow cells)
B21: Min PA for a flag | C21: 40
B22: xwOBA change | C22: 0.04
B23: Chase% change | C23: 0.04
B24: Bat Speed change (mph) | C24: 1
B25: Min PA per month in Trend Grid | C25: 20
B26: Flags compare each month with the hitter's full season for that team (end-of-season view).
B28: Glossary
B29: wOBA / xwOBA | C29: Run value of outcomes / of contact quality (EV + LA, plus actual K/BB/HBP). Savant pitch-level weights; reached-on-error and fielder's choice count as outs.
B30: xwOBA - wOBA | C30: Positive = results trailed the contact (bad luck). Negative = results outran the contact.
B31: Barrel% / HardHit% | C31: Barrels (Statcast launch_speed_angle = 6) and 95+ mph batted balls, per batted-ball event.
B32: SweetSpot% | C32: Batted balls with launch angle 8-32 degrees, per batted-ball event.
B33: Chase% / Z-Swing% | C33: Swing rate on pitches outside the zone (zones 11-14) / inside the zone (zones 1-9).
B34: Whiff% / Z-Contact% | C34: Swinging strikes per swing (foul tips count as contact) / contact rate on in-zone swings.
B35: Bat Speed | C35: Average of competitive swings = the fastest 90% of the hitter's 2026 swings (bunts excluded), as on Savant.
B36: Fast-Swing% | C36: Competitive swings at 75+ mph.
B37: Run Value | C37: Sum of Statcast delta run expectancy over every pitch the hitter saw (runs above average).

Sheet Player Card
B2: Player Card
B3: Team: | C3: ATH | F3: <- choose a team, then a hitter from that team
B4: Hitter: | C4: Lawrence Butler | F4: =IF(COUNTIFS(Lists!$C$1:$C$739,$C$3,Lists!$D$1:$D$739,$C$4)=0,"Hitter not on this team - pick again","")
B6: Metric | C6: Mar-Apr | D6: May | E6: Jun | F6: Jul | G6: Aug | H6: Sep | I6: Season
B7: PA | C7: =IFERROR(SUMIFS(Counts!$P$2:$P$2903,Counts!$B$2:$B$2903,$C$3,Counts!$C$2:$C$2903,$C$4,Counts!$F$2:$F$2903,"Mar-Apr"),"") -> 105 | D7: =IFERROR(SUMIFS(Counts!$P$2:$P$2903,Counts!$B$2:$B$2903,$C$3,Counts!$C$2:$C$2903,$C$4,Counts!$F$2:$F$2903,"May"),"") -> 61 | E7: =IFERROR(SUMIFS(Counts!$P$2:$P$2903,Counts!$B$2:$B$2903,$C$3,Counts!$C$2:$C$2903,$C$4,Counts!$F$2:$F$2903,"Jun"),"") -> 71 | F7: =IFERROR(SUMIFS(Counts!$P$2:$P$2903,Counts!$B$2:$B$2903,$C$3,Counts!$C$2:$C$2903,$C$4,Counts!$F$2:$F$2903,"Jul"),"") -> 83 | G7: =IFERROR(SUMIFS(Counts!$P$2:$P$2903,Counts!$B$2:$B$2903,$C$3,Counts!$C$2:$C$2903,$C$4,Counts!$F$2:$F$2903,"Aug"),"") -> 116 | H7: =IFERROR(SUMIFS(Counts!$P$2:$P$2903,Counts!$B$2:$B$2903,$C$3,Counts!$C$2:$C$2903,$C$4,Counts!$F$2:$F$2903,"Sep"),"") -> 104 | I7: =IFERROR(SUMIFS(Counts!$P$2:$P$2903,Counts!$B$2:$B$2903,$C$3,Counts!$C$2:$C$2903,$C$4),"") -> 540
B8: AVG | C8: =IFERROR(SUMIFS(Counts!$R$2:$R$2903,Counts!$B$2:$B$2903,$C$3,Counts!$C$2:$C$2903,$C$4,Counts!$F$2:$F$2903,"Mar-Apr")/SUMIFS(Counts!$Q$2:$Q$2903,Counts!$B$2:$B$2903,$C$3,Counts!$C$2:$C$2903,$C$4,Counts!$F$2:$F$2903,"Mar-Apr"),"") -> 0.17894737 | D8: =IFERROR(SUMIFS(Counts!$R$2:$R$2903,Counts!$B$2:$B$2903,$C$3,Counts!$C$2:$C$2903,$C$4,Counts!$F$2:$F$2903,"May")/SUMIFS(Counts!$Q$2:$Q$2903,Counts!$B$2:$B$2903,$C$3,Counts!$C$2:$C$2903,$C$4,Counts!$F$2:$F$2903,"May"),"") -> 0.13461538 | E8: =IFERROR(SUMIFS(Counts!$R$2:$R$2903,Counts!$B$2:$B$2903,$C$3,Counts!$C$2:$C$2903,$C$4,Counts!$F$2:$F$2903,"Jun")/SUMIFS(Counts!$Q$2:$Q$2903,Counts!$B$2:$B$2903,$C$3,Counts!$C$2:$C$2903,$C$4,Counts!$F$2:$F$2903,"Jun"),"") -> 0.28125 | F8: =IFERROR(SUMIFS(Counts!$R$2:$R$2903,Counts!$B$2:$B$2903,$C$3,Counts!$C$2:$C$2903,$C$4,Counts!$F$2:$F$2903,"Jul")/SUMIFS(Counts!$Q$2:$Q$2903,Counts!$B$2:$B$2903,$C$3,Counts!$C$2:$C$2903,$C$4,Counts!$F$2:$F$2903,"Jul"),"") -> 0.2238806 | G8: =IFERROR(SUMIFS(Counts!$R$2:$R$2903,Counts!$B$2:$B$2903,$C$3,Counts!$C$2:$C$2903,$C$4,Counts!$F$2:$F$2903,"Aug")/SUMIFS(Counts!$Q$2:$Q$2903,Counts!$B$2:$B$2903,$C$3,Counts!$C$2:$C$2903,$C$4,Counts!$F$2:$F$2903,"Aug"),"") -> 0.2970297 | H8: =IFERROR(SUMIFS(Counts!$R$2:$R$2903,Counts!$B$2:$B$2903,$C$3,Counts!$C$2:$C$2903,$C$4,Counts!$F$2:$F$2903,"Sep")/SUMIFS(Counts!$Q$2:$Q$2903,Counts!$B$2:$B$2903,$C$3,Counts!$C$2:$C$2903,$C$4,Counts!$F$2:$F$2903,"Sep"),"") -> 0.26595745 | I8: =IFERROR(SUMIFS(Counts!$R$2:$R$2903,Counts!$B$2:$B$2903,$C$3,Counts!$C$2:$C$2903,$C$4)/SUMIFS(Counts!$Q$2:$Q$2903,Counts!$B$2:$B$2903,$C$3,Counts!$C$2:$C$2903,$C$4),"") -> 0.23678647
B9: OBP | C9: =IFERROR((SUMIFS(Counts!$R$2:$R$2903,Counts!$B$2:$B$2903,$C$3,Counts!$C$2:$C$2903,$C$4,Counts!$F$2:$F$2903,"Mar-Apr")+SUMIFS(Counts!$V$2:$V$2903,Counts!$B$2:$B$2903,$C$3,Counts!$C$2:$C$2903,$C$4,Counts!$F$2:$F$2903,"Mar-Apr")+SUMIFS(Counts!$W$2:$W$2903,Counts!$B$2:$B$2903,$C$3,Counts!$C$2:$C$2903,$C$4,Counts!$F$2:$F$2903,"Mar-Apr"))/(SUMIFS(Counts!$Q$2:$Q$2903,Counts!$B$2:$B$2903,$C$3,Counts!$C$2:$C$2903,$C$4,Counts!$F$2:$F$2903,"Mar-Apr")+SUMIFS(Counts!$V$2:$V$2903,Counts!$B$2:$B$2903,$C$3,Counts!$C$2:$C$2903,$C$4,Counts!$F$2:$F$2903,"Mar-Apr")+SUMIFS(Counts!$W$2:$W$2903,Counts!$B$2:$B$2903,$C$3,Counts!$C$2:$C$2903,$C$4,Counts!$F$2:$F$2903,"Mar-Apr")+SUMIFS(Counts!$X$2:$X$2903,Counts!$B$2:$B$2903,$C$3,Counts!$C$2:$C$2903,$C$4,Counts!$F$2:$F$2903,"Mar-Apr")),"") -> 0.25714286 | D9: =IFERROR((SUMIFS(Counts!$R$2:$R$2903,Counts!$B$2:$B$2903,$C$3,Counts!$C$2:$C$2903,$C$4,Counts!$F$2:$F$2903,"May")+SUMIFS(Counts!$V$2:$V$2903,Counts!$B$2:$B$2903,$C$3,Counts!$C$2:$C$2903,$C$4,Counts!$F$2:$F$2903,"May")+SUMIFS(Counts!$W$2:$W$2903,Counts!$B$2:$B$2903,$C$3,Counts!$C$2:$C$2903,$C$4,Counts!$F$2:$F$2903,"May"))/(SUMIFS(Counts!$Q$2:$Q$2903,Counts!$B$2:$B$2903,$C$3,Counts!$C$2:$C$2903,$C$4,Counts!$F$2:$F$2903,"May")+SUMIFS(Counts!$V$2:$V$2903,Counts!$B$2:$B$2903,$C$3,Counts!$C$2:$C$2903,$C$4,Counts!$F$2:$F$2903,"May")+SUMIFS(Counts!$W$2:$W$2903,Counts!$B$2:$B$2903,$C$3,Counts!$C$2:$C$2903,$C$4,Counts!$F$2:$F$2903,"May")+SUMIFS(Counts!$X$2:$X$2903,Counts!$B$2:$B$2903,$C$3,Counts!$C$2:$C$2903,$C$4,Counts!$F$2:$F$2903,"May")),"") -> 0.26229508 | E9: =IFERROR((SUMIFS(Counts!$R$2:$R$2903,Counts!$B$2:$B$2903,$C$3,Counts!$C$2:$C$2903,$C$4,Counts!$F$2:$F$2903,"Jun")+SUMIFS(Counts!$V$2:$V$2903,Counts!$B$2:$B$2903,$C$3,Counts!$C$2:$C$2903,$C$4,Counts!$F$2:$F$2903,"Jun")+SUMIFS(Counts!$W$2:$W$2903,Counts!$B$2:$B$2903,$C$3,Counts!$C$2:$C$2903,$C$4,Counts!$F$2:$F$2903,"Jun"))/(SUMIFS(Counts!$Q$2:$Q$2903,Counts!$B$2:$B$2903,$C$3,Counts!$C$2:$C$2903,$C$4,Counts!$F$2:$F$2903,"Jun")+SUMIFS(Counts!$V$2:$V$2903,Counts!$B$2:$B$2903,$C$3,Counts!$C$2:$C$2903,$C$4,Counts!$F$2:$F$2903,"Jun")+SUMIFS(Counts!$W$2:$W$2903,Counts!$B$2:$B$2903,$C$3,Counts!$C$2:$C$2903,$C$4,Counts!$F$2:$F$2903,"Jun")+SUMIFS(Counts!$X$2:$X$2903,Counts!$B$2:$B$2903,$C$3,Counts!$C$2:$C$2903,$C$4,Counts!$F$2:$F$2903,"Jun")),"") -> 0.35211268 | F9: =IFERROR((SUMIFS(Counts!$R$2:$R$2903,Counts!$B$2:$B$2903,$C$3,Counts!$C$2:$C$2903,$C$4,Counts!$F$2:$F$2903,"Jul")+SUMIFS(Counts!$V$2:$V$2903,Counts!$B$2:$B$2903,$C$3,Counts!$C$2:$C$2903,$C$4,Counts!$F$2:$F$2903,"Jul")+SUMIFS(Counts!$W$2:$W$2903,Counts!$B$2:$B$2903,$C$3,Counts!$C$2:$C$2903,$C$4,Counts!$F$2:$F$2903,"Jul"))/(SUMIFS(Counts!$Q$2:$Q$2903,Counts!$B$2:$B$2903,$C$3,Counts!$C$2:$C$2903,$C$4,Counts!$F$2:$F$2903,"Jul")+SUMIFS(Counts!$V$2:$V$2903,Counts!$B$2:$B$2903,$C$3,Counts!$C$2:$C$2903,$C$4,Counts!$F$2:$F$2903,"Jul")+SUMIFS(Counts!$W$2:$W$2903,Counts!$B$2:$B$2903,$C$3,Counts!$C$2:$C$2903,$C$4,Counts!$F$2:$F$2903,"Jul")+SUMIFS(Counts!$X$2:$X$2903,Counts!$B$2:$B$2903,$C$3,Counts!$C$2:$C$2903,$C$4,Counts!$F$2:$F$2903,"Jul")),"") -> 0.35365854 | G9: =IFERROR((SUMIFS(Counts!$R$2:$R$2903,Counts!$B$2:$B$2903,$C$3,Counts!$C$2:$C$2903,$C$4,Counts!$F$2:$F$2903,"Aug")+SUMIFS(Counts!$V$2:$V$2903,Counts!$B$2:$B$2903,$C$3,Counts!$C$2:$C$2903,$C$4,Counts!$F$2:$F$2903,"Aug")+SUMIFS(Counts!$W$2:$W$2903,Counts!$B$2:$B$2903,$C$3,Counts!$C$2:$C$2903,$C$4,Counts!$F$2:$F$2903,"Aug"))/(SUMIFS(Counts!$Q$2:$Q$2903,Counts!$B$2:$B$2903,$C$3,Counts!$C$2:$C$2903,$C$4,Counts!$F$2:$F$2903,"Aug")+SUMIFS(Counts!$V$2:$V$2903,Counts!$B$2:$B$2903,$C$3,Counts!$C$2:$C$2903,$C$4,Counts!$F$2:$F$2903,"Aug")+SUMIFS(Counts!$W$2:$W$2903,Counts!$B$2:$B$2903,$C$3,Counts!$C$2:$C$2903,$C$4,Counts!$F$2:$F$2903,"Aug")+SUMIFS(Counts!$X$2:$X$2903,Counts!$B$2:$B$2903,$C$3,Counts!$C$2:$C$2903,$C$4,Counts!$F$2:$F$2903,"Aug")),"") -> 0.38793103 | H9: =IFERROR((SUMIFS(Counts!$R$2:$R$2903,Counts!$B$2:$B$2903,$C$3,Counts!$C$2:$C$2903,$C$4,Counts!$F$2:$F$2903,"Sep")+SUMIFS(Counts!$V$2:$V$2903,Counts!$B$2:$B$2903,$C$3,Counts!$C$2:$C$2903,$C$4,Counts!$F$2:$F$2903,"Sep")+SUMIFS(Counts!$W$2:$W$2903,Counts!$B$2:$B$2903,$C$3,Counts!$C$2:$C$2903,$C$4,Counts!$F$2:$F$2903,"Sep"))/(SUMIFS(Counts!$Q$2:$Q$2903,Counts!$B$2:$B$2903,$C$3,Counts!$C$2:$C$2903,$C$4,Counts!$F$2:$F$2903,"Sep")+SUMIFS(Counts!$V$2:$V$2903,Counts!$B$2:$B$2903,$C$3,Counts!$C$2:$C$2903,$C$4,Counts!$F$2:$F$2903,"Sep")+SUMIFS(Counts!$W$2:$W$2903,Counts!$B$2:$B$2903,$C$3,Counts!$C$2:$C$2903,$C$4,Counts!$F$2:$F$2903,"Sep")+SUMIFS(Counts!$X$2:$X$2903,Counts!$B$2:$B$2903,$C$3,Counts!$C$2:$C$2903,$C$4,Counts!$F$2:$F$2903,"Sep")),"") -> 0.32038835 | I9: =IFERROR((SUMIFS(Counts!$R$2:$R$2903,Counts!$B$2:$B$2903,$C$3,Counts!$C$2:$C$2903,$C$4)+SUMIFS(Counts!$V$2:$V$2903,Counts!$B$2:$B$2903,$C$3,Counts!$C$2:$C$2903,$C$4)+SUMIFS(Counts!$W$2:$W$2903,Counts!$B$2:$B$2903,$C$3,Counts!$C$2:$C$2903,$C$4))/(SUMIFS(Counts!$Q$2:$Q$2903,Counts!$B$2:$B$2903,$C$3,Counts!$C$2:$C$2903,$C$4)+SUMIFS(Counts!$V$2:$V$2903,Counts!$B$2:$B$2903,$C$3,Counts!$C$2:$C$2903,$C$4)+SUMIFS(Counts!$W$2:$W$2903,Counts!$B$2:$B$2903,$C$3,Counts!$C$2:$C$2903,$C$4)+SUMIFS(Counts!$X$2:$X$2903,Counts!$B$2:$B$2903,$C$3,Counts!$C$2:$C$2903,$C$4)),"") -> 0.32527881
B10: SLG | C10: =IFERROR((SUMIFS(Counts!$R$2:$R$2903,Counts!$B$2:$B$2903,$C$3,Counts!$C$2:$C$2903,$C$4,Counts!$F$2:$F$2903,"Mar-Apr")+SUMIFS(Counts!$S$2:$S$2903,Counts!$B$2:$B$2903,$C$3,Counts!$C$2:$C$2903,$C$4,Counts!$F$2:$F$2903,"Mar-Apr")+2*SUMIFS(Counts!$T$2:$T$2903,Counts!$B$2:$B$2903,$C$3,Counts!$C$2:$C$2903,$C$4,Counts!$F$2:$F$2903,"Mar-Apr")+3*SUMIFS(Counts!$U$2:$U$2903,Counts!$B$2:$B$2903,$C$3,Counts!$C$2:$C$2903,$C$4,Counts!$F$2:$F$2903,"Mar-Apr"))/SUMIFS(Counts!$Q$2:$Q$2903,Counts!$B$2:$B$2903,$C$3,Counts!$C$2:$C$2903,$C$4,Counts!$F$2:$F$2903,"Mar-Apr"),"") -> 0.29473684 | D10: =IFERROR((SUMIFS(Counts!$R$2:$R$2903,Counts!$B$2:$B$2903,$C$3,Counts!$C$2:$C$2903,$C$4,Counts!$F$2:$F$2903,"May")+SUMIFS(Counts!$S$2:$S$2903,Counts!$B$2:$B$2903,$C$3,Counts!$C$2:$C$2903,$C$4,Counts!$F$2:$F$2903,"May")+2*SUMIFS(Counts!$T$2:$T$2903,Counts!$B$2:$B$2903,$C$3,Counts!$C$2:$C$2903,$C$4,Counts!$F$2:$F$2903,"May")+3*SUMIFS(Counts!$U$2:$U$2903,Counts!$B$2:$B$2903,$C$3,Counts!$C$2:$C$2903,$C$4,Counts!$F$2:$F$2903,"May"))/SUMIFS(Counts!$Q$2:$Q$2903,Counts!$B$2:$B$2903,$C$3,Counts!$C$2:$C$2903,$C$4,Counts!$F$2:$F$2903,"May"),"") -> 0.15384615 | E10: =IFERROR((SUMIFS(Counts!$R$2:$R$2903,Counts!$B$2:$B$2903,$C$3,Counts!$C$2:$C$2903,$C$4,Counts!$F$2:$F$2903,"Jun")+SUMIFS(Counts!$S$2:$S$2903,Counts!$B$2:$B$2903,$C$3,Counts!$C$2:$C$2903,$C$4,Counts!$F$2:$F$2903,"Jun")+2*SUMIFS(Counts!$T$2:$T$2903,Counts!$B$2:$B$2903,$C$3,Counts!$C$2:$C$2903,$C$4,Counts!$F$2:$F$2903,"Jun")+3*SUMIFS(Counts!$U$2:$U$2903,Counts!$B$2:$B$2903,$C$3,Counts!$C$2:$C$2903,$C$4,Counts!$F$2:$F$2903,"Jun"))/SUMIFS(Counts!$Q$2:$Q$2903,Counts!$B$2:$B$2903,$C$3,Counts!$C$2:$C$2903,$C$4,Counts!$F$2:$F$2903,"Jun"),"") -> 0.4375 | F10: =IFERROR((SUMIFS(Counts!$R$2:$R$2903,Counts!$B$2:$B$2903,$C$3,Counts!$C$2:$C$2903,$C$4,Counts!$F$2:$F$2903,"Jul")+SUMIFS(Counts!$S$2:$S$2903,Counts!$B$2:$B$2903,$C$3,Counts!$C$2:$C$2903,$C$4,Counts!$F$2:$F$2903,"Jul")+2*SUMIFS(Counts!$T$2:$T$2903,Counts!$B$2:$B$2903,$C$3,Counts!$C$2:$C$2903,$C$4,Counts!$F$2:$F$2903,"Jul")+3*SUMIFS(Counts!$U$2:$U$2903,Counts!$B$2:$B$2903,$C$3,Counts!$C$2:$C$2903,$C$4,Counts!$F$2:$F$2903,"Jul"))/SUMIFS(Counts!$Q$2:$Q$2903,Counts!$B$2:$B$2903,$C$3,Counts!$C$2:$C$2903,$C$4,Counts!$F$2:$F$2903,"Jul"),"") -> 0.3880597 | G10: =IFERROR((SUMIFS(Counts!$R$2:$R$2903,Counts!$B$2:$B$2903,$C$3,Counts!$C$2:$C$2903,$C$4,Counts!$F$2:$F$2903,"Aug")+SUMIFS(Counts!$S$2:$S$2903,Counts!$B$2:$B$2903,$C$3,Counts!$C$2:$C$2903,$C$4,Counts!$F$2:$F$2903,"Aug")+2*SUMIFS(Counts!$T$2:$T$2903,Counts!$B$2:$B$2903,$C$3,Counts!$C$2:$C$2903,$C$4,Counts!$F$2:$F$2903,"Aug")+3*SUMIFS(Counts!$U$2:$U$2903,Counts!$B$2:$B$2903,$C$3,Counts!$C$2:$C$2903,$C$4,Counts!$F$2:$F$2903,"Aug"))/SUMIFS(Counts!$Q$2:$Q$2903,Counts!$B$2:$B$2903,$C$3,Counts!$C$2:$C$2903,$C$4,Counts!$F$2:$F$2903,"Aug"),"") -> 0.5049505 | H10: =IFERROR((SUMIFS(Counts!$R$2:$R$2903,Counts!$B$2:$B$2903,$C$3,Counts!$C$2:$C$2903,$C$4,Counts!$F$2:$F$2903,"Sep")+SUMIFS(Counts!$S$2:$S$2903,Counts!$B$2:$B$2903,$C$3,Counts!$C$2:$C$2903,$C$4,Counts!$F$2:$F$2903,"Sep")+2*SUMIFS(Counts!$T$2:$T$2903,Counts!$B$2:$B$2903,$C$3,Counts!$C$2:$C$2903,$C$4,Counts!$F$2:$F$2903,"Sep")+3*SUMIFS(Counts!$U$2:$U$2903,Counts!$B$2:$B$2903,$C$3,Counts!$C$2:$C$2903,$C$4,Counts!$F$2:$F$2903,"Sep"))/SUMIFS(Counts!$Q$2:$Q$2903,Counts!$B$2:$B$2903,$C$3,Counts!$C$2:$C$2903,$C$4,Counts!$F$2:$F$2903,"Sep"),"") -> 0.4787234 | I10: =IFERROR((SUMIFS(Counts!$R$2:$R$2903,Counts!$B$2:$B$2903,$C$3,Counts!$C$2:$C$2903,$C$4)+SUMIFS(Counts!$S$2:$S$2903,Counts!$B$2:$B$2903,$C$3,Counts!$C$2:$C$2903,$C$4)+2*SUMIFS(Counts!$T$2:$T$2903,Counts!$B$2:$B$2903,$C$3,Counts!$C$2:$C$2903,$C$4)+3*SUMIFS(Counts!$U$2:$U$2903,Counts!$B$2:$B$2903,$C$3,Counts!$C$2:$C$2903,$C$4))/SUMIFS(Counts!$Q$2:$Q$2903,Counts!$B$2:$B$2903,$C$3,Counts!$C$2:$C$2903,$C$4),"") -> 0.39323467
B11: HR | C11: =IFERROR(SUMIFS(Counts!$U$2:$U$2903,Counts!$B$2:$B$2903,$C$3,Counts!$C$2:$C$2903,$C$4,Counts!$F$2:$F$2903,"Mar-Apr"),"") -> 3 | D11: =IFERROR(SUMIFS(Counts!$U$2:$U$2903,Counts!$B$2:$B$2903,$C$3,Counts!$C$2:$C$2903,$C$4,Counts!$F$2:$F$2903,"May"),"") -> 0 | E11: =IFERROR(SUMIFS(Counts!$U$2:$U$2903,Counts!$B$2:$B$2903,$C$3,Counts!$C$2:$C$2903,$C$4,Counts!$F$2:$F$2903,"Jun"),"") -> 2 | F11: =IFERROR(SUMIFS(Counts!$U$2:$U$2903,Counts!$B$2:$B$2903,$C$3,Counts!$C$2:$C$2903,$C$4,Counts!$F$2:$F$2903,"Jul"),"") -> 1 | G11: =IFERROR(SUMIFS(Counts!$U$2:$U$2903,Counts!$B$2:$B$2903,$C$3,Counts!$C$2:$C$2903,$C$4,Counts!$F$2:$F$2903,"Aug"),"") -> 6 | H11: =IFERROR(SUMIFS(Counts!$U$2:$U$2903,Counts!$B$2:$B$2903,$C$3,Counts!$C$2:$C$2903,$C$4,Counts!$F$2:$F$2903,"Sep"),"") -> 5 | I11: =IFERROR(SUMIFS(Counts!$U$2:$U$2903,Counts!$B$2:$B$2903,$C$3,Counts!$C$2:$C$2903,$C$4),"") -> 17
B12: wOBA | C12: =IFERROR(SUMIFS(Counts!$Z$2:$Z$2903,Counts!$B$2:$B$2903,$C$3,Counts!$C$2:$C$2903,$C$4,Counts!$F$2:$F$2903,"Mar-Apr")/SUMIFS(Counts!$AA$2:$AA$2903,Counts!$B$2:$B$2903,$C$3,Counts!$C$2:$C$2903,$C$4,Counts!$F$2:$F$2903,"Mar-Apr"),"") -> 0.24615385 | D12: =IFERROR(SUMIFS(Counts!$Z$2:$Z$2903,Counts!$B$2:$B$2903,$C$3,Counts!$C$2:$C$2903,$C$4,Counts!$F$2:$F$2903,"May")/SUMIFS(Counts!$AA$2:$AA$2903,Counts!$B$2:$B$2903,$C$3,Counts!$C$2:$C$2903,$C$4,Counts!$F$2:$F$2903,"May"),"") -> 0.21949153 | E12: =IFERROR(SUMIFS(Counts!$Z$2:$Z$2903,Counts!$B$2:$B$2903,$C$3,Counts!$C$2:$C$2903,$C$4,Counts!$F$2:$F$2903,"Jun")/SUMIFS(Counts!$AA$2:$AA$2903,Counts!$B$2:$B$2903,$C$3,Counts!$C$2:$C$2903,$C$4,Counts!$F$2:$F$2903,"Jun"),"") -> 0.35285714 | F12: =IFERROR(SUMIFS(Counts!$Z$2:$Z$2903,Counts!$B$2:$B$2903,$C$3,Counts!$C$2:$C$2903,$C$4,Counts!$F$2:$F$2903,"Jul")/SUMIFS(Counts!$AA$2:$AA$2903,Counts!$B$2:$B$2903,$C$3,Counts!$C$2:$C$2903,$C$4,Counts!$F$2:$F$2903,"Jul"),"") -> 0.33170732 | G12: =IFERROR(SUMIFS(Counts!$Z$2:$Z$2903,Counts!$B$2:$B$2903,$C$3,Counts!$C$2:$C$2903,$C$4,Counts!$F$2:$F$2903,"Aug")/SUMIFS(Counts!$AA$2:$AA$2903,Counts!$B$2:$B$2903,$C$3,Counts!$C$2:$C$2903,$C$4,Counts!$F$2:$F$2903,"Aug"),"") -> 0.38922414 | H12: =IFERROR(SUMIFS(Counts!$Z$2:$Z$2903,Counts!$B$2:$B$2903,$C$3,Counts!$C$2:$C$2903,$C$4,Counts!$F$2:$F$2903,"Sep")/SUMIFS(Counts!$AA$2:$AA$2903,Counts!$B$2:$B$2903,$C$3,Counts!$C$2:$C$2903,$C$4,Counts!$F$2:$F$2903,"Sep"),"") -> 0.34320388 | I12: =IFERROR(SUMIFS(Counts!$Z$2:$Z$2903,Counts!$B$2:$B$2903,$C$3,Counts!$C$2:$C$2903,$C$4)/SUMIFS(Counts!$AA$2:$AA$2903,Counts!$B$2:$B$2903,$C$3,Counts!$C$2:$C$2903,$C$4),"") -> 0.32013109
B13: xwOBA | C13: =IFERROR(SUMIFS(Counts!$AB$2:$AB$2903,Counts!$B$2:$B$2903,$C$3,Counts!$C$2:$C$2903,$C$4,Counts!$F$2:$F$2903,"Mar-Apr")/SUMIFS(Counts!$AA$2:$AA$2903,Counts!$B$2:$B$2903,$C$3,Counts!$C$2:$C$2903,$C$4,Counts!$F$2:$F$2903,"Mar-Apr"),"") -> 0.30085577 | D13: =IFERROR(SUMIFS(Counts!$AB$2:$AB$2903,Counts!$B$2:$B$2903,$C$3,Counts!$C$2:$C$2903,$C$4,Counts!$F$2:$F$2903,"May")/SUMIFS(Counts!$AA$2:$AA$2903,Counts!$B$2:$B$2903,$C$3,Counts!$C$2:$C$2903,$C$4,Counts!$F$2:$F$2903,"May"),"") -> 0.28949153 | E13: =IFERROR(SUMIFS(Counts!$AB$2:$AB$2903,Counts!$B$2:$B$2903,$C$3,Counts!$C$2:$C$2903,$C$4,Counts!$F$2:$F$2903,"Jun")/SUMIFS(Counts!$AA$2:$AA$2903,Counts!$B$2:$B$2903,$C$3,Counts!$C$2:$C$2903,$C$4,Counts!$F$2:$F$2903,"Jun"),"") -> 0.33995714 | F13: =IFERROR(SUMIFS(Counts!$AB$2:$AB$2903,Counts!$B$2:$B$2903,$C$3,Counts!$C$2:$C$2903,$C$4,Counts!$F$2:$F$2903,"Jul")/SUMIFS(Counts!$AA$2:$AA$2903,Counts!$B$2:$B$2903,$C$3,Counts!$C$2:$C$2903,$C$4,Counts!$F$2:$F$2903,"Jul"),"") -> 0.30909756 | G13: =IFERROR(SUMIFS(Counts!$AB$2:$AB$2903,Counts!$B$2:$B$2903,$C$3,Counts!$C$2:$C$2903,$C$4,Counts!$F$2:$F$2903,"Aug")/SUMIFS(Counts!$AA$2:$AA$2903,Counts!$B$2:$B$2903,$C$3,Counts!$C$2:$C$2903,$C$4,Counts!$F$2:$F$2903,"Aug"),"") -> 0.34437069 | H13: =IFERROR(SUMIFS(Counts!$AB$2:$AB$2903,Counts!$B$2:$B$2903,$C$3,Counts!$C$2:$C$2903,$C$4,Counts!$F$2:$F$2903,"Sep")/SUMIFS(Counts!$AA$2:$AA$2903,Counts!$B$2:$B$2903,$C$3,Counts!$C$2:$C$2903,$C$4,Counts!$F$2:$F$2903,"Sep"),"") -> 0.35547573 | I13: =IFERROR(SUMIFS(Counts!$AB$2:$AB$2903,Counts!$B$2:$B$2903,$C$3,Counts!$C$2:$C$2903,$C$4)/SUMIFS(Counts!$AA$2:$AA$2903,Counts!$B$2:$B$2903,$C$3,Counts!$C$2:$C$2903,$C$4),"") -> 0.3259794
B14: xwOBA - wOBA | C14: =IFERROR((SUMIFS(Counts!$AB$2:$AB$2903,Counts!$B$2:$B$2903,$C$3,Counts!$C$2:$C$2903,$C$4,Counts!$F$2:$F$2903,"Mar-Apr")-SUMIFS(Counts!$Z$2:$Z$2903,Counts!$B$2:$B$2903,$C$3,Counts!$C$2:$C$2903,$C$4,Counts!$F$2:$F$2903,"Mar-Apr"))/SUMIFS(Counts!$AA$2:$AA$2903,Counts!$B$2:$B$2903,$C$3,Counts!$C$2:$C$2903,$C$4,Counts!$F$2:$F$2903,"Mar-Apr"),"") -> 0.054701923 | D14: =IFERROR((SUMIFS(Counts!$AB$2:$AB$2903,Counts!$B$2:$B$2903,$C$3,Counts!$C$2:$C$2903,$C$4,Counts!$F$2:$F$2903,"May")-SUMIFS(Counts!$Z$2:$Z$2903,Counts!$B$2:$B$2903,$C$3,Counts!$C$2:$C$2903,$C$4,Counts!$F$2:$F$2903,"May"))/SUMIFS(Counts!$AA$2:$AA$2903,Counts!$B$2:$B$2903,$C$3,Counts!$C$2:$C$2903,$C$4,Counts!$F$2:$F$2903,"May"),"") -> 0.07 | E14: =IFERROR((SUMIFS(Counts!$AB$2:$AB$2903,Counts!$B$2:$B$2903,$C$3,Counts!$C$2:$C$2903,$C$4,Counts!$F$2:$F$2903,"Jun")-SUMIFS(Counts!$Z$2:$Z$2903,Counts!$B$2:$B$2903,$C$3,Counts!$C$2:$C$2903,$C$4,Counts!$F$2:$F$2903,"Jun"))/SUMIFS(Counts!$AA$2:$AA$2903,Counts!$B$2:$B$2903,$C$3,Counts!$C$2:$C$2903,$C$4,Counts!$F$2:$F$2903,"Jun"),"") -> -0.0129 | F14: =IFERROR((SUMIFS(Counts!$AB$2:$AB$2903,Counts!$B$2:$B$2903,$C$3,Counts!$C$2:$C$2903,$C$4,Counts!$F$2:$F$2903,"Jul")-SUMIFS(Counts!$Z$2:$Z$2903,Counts!$B$2:$B$2903,$C$3,Counts!$C$2:$C$2903,$C$4,Counts!$F$2:$F$2903,"Jul"))/SUMIFS(Counts!$AA$2:$AA$2903,Counts!$B$2:$B$2903,$C$3,Counts!$C$2:$C$2903,$C$4,Counts!$F$2:$F$2903,"Jul"),"") -> -0.022609756 | G14: =IFERROR((SUMIFS(Counts!$AB$2:$AB$2903,Counts!$B$2:$B$2903,$C$3,Counts!$C$2:$C$2903,$C$4,Counts!$F$2:$F$2903,"Aug")-SUMIFS(Counts!$Z$2:$Z$2903,Counts!$B$2:$B$2903,$C$3,Counts!$C$2:$C$2903,$C$4,Counts!$F$2:$F$2903,"Aug"))/SUMIFS(Counts!$AA$2:$AA$2903,Counts!$B$2:$B$2903,$C$3,Counts!$C$2:$C$2903,$C$4,Counts!$F$2:$F$2903,"Aug"),"") -> -0.044853448 | H14: =IFERROR((SUMIFS(Counts!$AB$2:$AB$2903,Counts!$B$2:$B$2903,$C$3,Counts!$C$2:$C$2903,$C$4,Counts!$F$2:$F$2903,"Sep")-SUMIFS(Counts!$Z$2:$Z$2903,Counts!$B$2:$B$2903,$C$3,Counts!$C$2:$C$2903,$C$4,Counts!$F$2:$F$2903,"Sep"))/SUMIFS(Counts!$AA$2:$AA$2903,Counts!$B$2:$B$2903,$C$3,Counts!$C$2:$C$2903,$C$4,Counts!$F$2:$F$2903,"Sep"),"") -> 0.012271845 | I14: =IFERROR((SUMIFS(Counts!$AB$2:$AB$2903,Counts!$B$2:$B$2903,$C$3,Counts!$C$2:$C$2903,$C$4)-SUMIFS(Counts!$Z$2:$Z$2903,Counts!$B$2:$B$2903,$C$3,Counts!$C$2:$C$2903,$C$4))/SUMIFS(Counts!$AA$2:$AA$2903,Counts!$B$2:$B$2903,$C$3,Counts!$C$2:$C$2903,$C$4),"") -> 0.0058483146
B15: K% | C15: =IFERROR(SUMIFS(Counts!$Y$2:$Y$2903,Counts!$B$2:$B$2903,$C$3,Counts!$C$2:$C$2903,$C$4,Counts!$F$2:$F$2903,"Mar-Apr")/SUMIFS(Counts!$P$2:$P$2903,Counts!$B$2:$B$2903,$C$3,Counts!$C$2:$C$2903,$C$4,Counts!$F$2:$F$2903,"Mar-Apr"),"") -> 0.27619048 | D15: =IFERROR(SUMIFS(Counts!$Y$2:$Y$2903,Counts!$B$2:$B$2903,$C$3,Counts!$C$2:$C$2903,$C$4,Counts!$F$2:$F$2903,"May")/SUMIFS(Counts!$P$2:$P$2903,Counts!$B$2:$B$2903,$C$3,Counts!$C$2:$C$2903,$C$4,Counts!$F$2:$F$2903,"May"),"") -> 0.24590164 | E15: =IFERROR(SUMIFS(Counts!$Y$2:$Y$2903,Counts!$B$2:$B$2903,$C$3,Counts!$C$2:$C$2903,$C$4,Counts!$F$2:$F$2903,"Jun")/SUMIFS(Counts!$P$2:$P$2903,Counts!$B$2:$B$2903,$C$3,Counts!$C$2:$C$2903,$C$4,Counts!$F$2:$F$2903,"Jun"),"") -> 0.29577465 | F15: =IFERROR(SUMIFS(Counts!$Y$2:$Y$2903,Counts!$B$2:$B$2903,$C$3,Counts!$C$2:$C$2903,$C$4,Counts!$F$2:$F$2903,"Jul")/SUMIFS(Counts!$P$2:$P$2903,Counts!$B$2:$B$2903,$C$3,Counts!$C$2:$C$2903,$C$4,Counts!$F$2:$F$2903,"Jul"),"") -> 0.24096386 | G15: =IFERROR(SUMIFS(Counts!$Y$2:$Y$2903,Counts!$B$2:$B$2903,$C$3,Counts!$C$2:$C$2903,$C$4,Counts!$F$2:$F$2903,"Aug")/SUMIFS(Counts!$P$2:$P$2903,Counts!$B$2:$B$2903,$C$3,Counts!$C$2:$C$2903,$C$4,Counts!$F$2:$F$2903,"Aug"),"") -> 0.24137931 | H15: =IFERROR(SUMIFS(Counts!$Y$2:$Y$2903,Counts!$B$2:$B$2903,$C$3,Counts!$C$2:$C$2903,$C$4,Counts!$F$2:$F$2903,"Sep")/SUMIFS(Counts!$P$2:$P$2903,Counts!$B$2:$B$2903,$C$3,Counts!$C$2:$C$2903,$C$4,Counts!$F$2:$F$2903,"Sep"),"") -> 0.25 | I15: =IFERROR(SUMIFS(Counts!$Y$2:$Y$2903,Counts!$B$2:$B$2903,$C$3,Counts!$C$2:$C$2903,$C$4)/SUMIFS(Counts!$P$2:$P$2903,Counts!$B$2:$B$2903,$C$3,Counts!$C$2:$C$2903,$C$4),"") -> 0.25740741
B16: BB% | C16: =IFERROR(SUMIFS(Counts!$V$2:$V$2903,Counts!$B$2:$B$2903,$C$3,Counts!$C$2:$C$2903,$C$4,Counts!$F$2:$F$2903,"Mar-Apr")/SUMIFS(Counts!$P$2:$P$2903,Counts!$B$2:$B$2903,$C$3,Counts!$C$2:$C$2903,$C$4,Counts!$F$2:$F$2903,"Mar-Apr"),"") -> 0.095238095 | D16: =IFERROR(SUMIFS(Counts!$V$2:$V$2903,Counts!$B$2:$B$2903,$C$3,Counts!$C$2:$C$2903,$C$4,Counts!$F$2:$F$2903,"May")/SUMIFS(Counts!$P$2:$P$2903,Counts!$B$2:$B$2903,$C$3,Counts!$C$2:$C$2903,$C$4,Counts!$F$2:$F$2903,"May"),"") -> 0.14754098 | E16: =IFERROR(SUMIFS(Counts!$V$2:$V$2903,Counts!$B$2:$B$2903,$C$3,Counts!$C$2:$C$2903,$C$4,Counts!$F$2:$F$2903,"Jun")/SUMIFS(Counts!$P$2:$P$2903,Counts!$B$2:$B$2903,$C$3,Counts!$C$2:$C$2903,$C$4,Counts!$F$2:$F$2903,"Jun"),"") -> 0.098591549 | F16: =IFERROR(SUMIFS(Counts!$V$2:$V$2903,Counts!$B$2:$B$2903,$C$3,Counts!$C$2:$C$2903,$C$4,Counts!$F$2:$F$2903,"Jul")/SUMIFS(Counts!$P$2:$P$2903,Counts!$B$2:$B$2903,$C$3,Counts!$C$2:$C$2903,$C$4,Counts!$F$2:$F$2903,"Jul"),"") -> 0.15662651 | G16: =IFERROR(SUMIFS(Counts!$V$2:$V$2903,Counts!$B$2:$B$2903,$C$3,Counts!$C$2:$C$2903,$C$4,Counts!$F$2:$F$2903,"Aug")/SUMIFS(Counts!$P$2:$P$2903,Counts!$B$2:$B$2903,$C$3,Counts!$C$2:$C$2903,$C$4,Counts!$F$2:$F$2903,"Aug"),"") -> 0.12931034 | H16: =IFERROR(SUMIFS(Counts!$V$2:$V$2903,Counts!$B$2:$B$2903,$C$3,Counts!$C$2:$C$2903,$C$4,Counts!$F$2:$F$2903,"Sep")/SUMIFS(Counts!$P$2:$P$2903,Counts!$B$2:$B$2903,$C$3,Counts!$C$2:$C$2903,$C$4,Counts!$F$2:$F$2903,"Sep"),"") -> 0.067307692 | I16: =IFERROR(SUMIFS(Counts!$V$2:$V$2903,Counts!$B$2:$B$2903,$C$3,Counts!$C$2:$C$2903,$C$4)/SUMIFS(Counts!$P$2:$P$2903,Counts!$B$2:$B$2903,$C$3,Counts!$C$2:$C$2903,$C$4),"") -> 0.11296296
B17: Barrel% | C17: =IFERROR(SUMIFS(Counts!$AD$2:$AD$2903,Counts!$B$2:$B$2903,$C$3,Counts!$C$2:$C$2903,$C$4,Counts!$F$2:$F$2903,"Mar-Apr")/SUMIFS(Counts!$AC$2:$AC$2903,Counts!$B$2:$B$2903,$C$3,Counts!$C$2:$C$2903,$C$4,Counts!$F$2:$F$2903,"Mar-Apr"),"") -> 0.075757576 | D17: =IFERROR(SUMIFS(Counts!$AD$2:$AD$2903,Counts!$B$2:$B$2903,$C$3,Counts!$C$2:$C$2903,$C$4,Counts!$F$2:$F$2903,"May")/SUMIFS(Counts!$AC$2:$AC$2903,Counts!$B$2:$B$2903,$C$3,Counts!$C$2:$C$2903,$C$4,Counts!$F$2:$F$2903,"May"),"") -> 0.027027027 | E17: =IFERROR(SUMIFS(Counts!$AD$2:$AD$2903,Counts!$B$2:$B$2903,$C$3,Counts!$C$2:$C$2903,$C$4,Counts!$F$2:$F$2903,"Jun")/SUMIFS(Counts!$AC$2:$AC$2903,Counts!$B$2:$B$2903,$C$3,Counts!$C$2:$C$2903,$C$4,Counts!$F$2:$F$2903,"Jun"),"") -> 0.093023256 | F17: =IFERROR(SUMIFS(Counts!$AD$2:$AD$2903,Counts!$B$2:$B$2903,$C$3,Counts!$C$2:$C$2903,$C$4,Counts!$F$2:$F$2903,"Jul")/SUMIFS(Counts!$AC$2:$AC$2903,Counts!$B$2:$B$2903,$C$3,Counts!$C$2:$C$2903,$C$4,Counts!$F$2:$F$2903,"Jul"),"") -> 0.081632653 | G17: =IFERROR(SUMIFS(Counts!$AD$2:$AD$2903,Counts!$B$2:$B$2903,$C$3,Counts!$C$2:$C$2903,$C$4,Counts!$F$2:$F$2903,"Aug")/SUMIFS(Counts!$AC$2:$AC$2903,Counts!$B$2:$B$2903,$C$3,Counts!$C$2:$C$2903,$C$4,Counts!$F$2:$F$2903,"Aug"),"") -> 0.082191781 | H17: =IFERROR(SUMIFS(Counts!$AD$2:$AD$2903,Counts!$B$2:$B$2903,$C$3,Counts!$C$2:$C$2903,$C$4,Counts!$F$2:$F$2903,"Sep")/SUMIFS(Counts!$AC$2:$AC$2903,Counts!$B$2:$B$2903,$C$3,Counts!$C$2:$C$2903,$C$4,Counts!$F$2:$F$2903,"Sep"),"") -> 0.12857143 | I17: =IFERROR(SUMIFS(Counts!$AD$2:$AD$2903,Counts!$B$2:$B$2903,$C$3,Counts!$C$2:$C$2903,$C$4)/SUMIFS(Counts!$AC$2:$AC$2903,Counts!$B$2:$B$2903,$C$3,Counts!$C$2:$C$2903,$C$4),"") -> 0.085798817
B18: HardHit% | C18: =IFERROR(SUMIFS(Counts!$AE$2:$AE$2903,Counts!$B$2:$B$2903,$C$3,Counts!$C$2:$C$2903,$C$4,Counts!$F$2:$F$2903,"Mar-Apr")/SUMIFS(Counts!$AC$2:$AC$2903,Counts!$B$2:$B$2903,$C$3,Counts!$C$2:$C$2903,$C$4,Counts!$F$2:$F$2903,"Mar-Apr"),"") -> 0.48484848 | D18: =IFERROR(SUMIFS(Counts!$AE$2:$AE$2903,Counts!$B$2:$B$2903,$C$3,Counts!$C$2:$C$2903,$C$4,Counts!$F$2:$F$2903,"May")/SUMIFS(Counts!$AC$2:$AC$2903,Counts!$B$2:$B$2903,$C$3,Counts!$C$2:$C$2903,$C$4,Counts!$F$2:$F$2903,"May"),"") -> 0.40540541 | E18: =IFERROR(SUMIFS(Counts!$AE$2:$AE$2903,Counts!$B$2:$B$2903,$C$3,Counts!$C$2:$C$2903,$C$4,Counts!$F$2:$F$2903,"Jun")/SUMIFS(Counts!$AC$2:$AC$2903,Counts!$B$2:$B$2903,$C$3,Counts!$C$2:$C$2903,$C$4,Counts!$F$2:$F$2903,"Jun"),"") -> 0.37209302 | F18: =IFERROR(SUMIFS(Counts!$AE$2:$AE$2903,Counts!$B$2:$B$2903,$C$3,Counts!$C$2:$C$2903,$C$4,Counts!$F$2:$F$2903,"Jul")/SUMIFS(Counts!$AC$2:$AC$2903,Counts!$B$2:$B$2903,$C$3,Counts!$C$2:$C$2903,$C$4,Counts!$F$2:$F$2903,"Jul"),"") -> 0.51020408 | G18: =IFERROR(SUMIFS(Counts!$AE$2:$AE$2903,Counts!$B$2:$B$2903,$C$3,Counts!$C$2:$C$2903,$C$4,Counts!$F$2:$F$2903,"Aug")/SUMIFS(Counts!$AC$2:$AC$2903,Counts!$B$2:$B$2903,$C$3,Counts!$C$2:$C$2903,$C$4,Counts!$F$2:$F$2903,"Aug"),"") -> 0.46575342 | H18: =IFERROR(SUMIFS(Counts!$AE$2:$AE$2903,Counts!$B$2:$B$2903,$C$3,Counts!$C$2:$C$2903,$C$4,Counts!$F$2:$F$2903,"Sep")/SUMIFS(Counts!$AC$2:$AC$2903,Counts!$B$2:$B$2903,$C$3,Counts!$C$2:$C$2903,$C$4,Counts!$F$2:$F$2903,"Sep"),"") -> 0.41428571 | I18: =IFERROR(SUMIFS(Counts!$AE$2:$AE$2903,Counts!$B$2:$B$2903,$C$3,Counts!$C$2:$C$2903,$C$4)/SUMIFS(Counts!$AC$2:$AC$2903,Counts!$B$2:$B$2903,$C$3,Counts!$C$2:$C$2903,$C$4),"") -> 0.44674556
B19: Avg EV | C19: =IFERROR(SUMIFS(Counts!$AG$2:$AG$2903,Counts!$B$2:$B$2903,$C$3,Counts!$C$2:$C$2903,$C$4,Counts!$F$2:$F$2903,"Mar-Apr")/SUMIFS(Counts!$AF$2:$AF$2903,Counts!$B$2:$B$2903,$C$3,Counts!$C$2:$C$2903,$C$4,Counts!$F$2:$F$2903,"Mar-Apr"),"") -> 89.504545 | D19: =IFERROR(SUMIFS(Counts!$AG$2:$AG$2903,Counts!$B$2:$B$2903,$C$3,Counts!$C$2:$C$2903,$C$4,Counts!$F$2:$F$2903,"May")/SUMIFS(Counts!$AF$2:$AF$2903,Counts!$B$2:$B$2903,$C$3,Counts!$C$2:$C$2903,$C$4,Counts!$F$2:$F$2903,"May"),"") -> 88.034286 | E19: =IFERROR(SUMIFS(Counts!$AG$2:$AG$2903,Counts!$B$2:$B$2903,$C$3,Counts!$C$2:$C$2903,$C$4,Counts!$F$2:$F$2903,"Jun")/SUMIFS(Counts!$AF$2:$AF$2903,Counts!$B$2:$B$2903,$C$3,Counts!$C$2:$C$2903,$C$4,Counts!$F$2:$F$2903,"Jun"),"") -> 86.388372 | F19: =IFERROR(SUMIFS(Counts!$AG$2:$AG$2903,Counts!$B$2:$B$2903,$C$3,Counts!$C$2:$C$2903,$C$4,Counts!$F$2:$F$2903,"Jul")/SUMIFS(Counts!$AF$2:$AF$2903,Counts!$B$2:$B$2903,$C$3,Counts!$C$2:$C$2903,$C$4,Counts!$F$2:$F$2903,"Jul"),"") -> 89.944898 | G19: =IFERROR(SUMIFS(Counts!$AG$2:$AG$2903,Counts!$B$2:$B$2903,$C$3,Counts!$C$2:$C$2903,$C$4,Counts!$F$2:$F$2903,"Aug")/SUMIFS(Counts!$AF$2:$AF$2903,Counts!$B$2:$B$2903,$C$3,Counts!$C$2:$C$2903,$C$4,Counts!$F$2:$F$2903,"Aug"),"") -> 90.10274 | H19: =IFERROR(SUMIFS(Counts!$AG$2:$AG$2903,Counts!$B$2:$B$2903,$C$3,Counts!$C$2:$C$2903,$C$4,Counts!$F$2:$F$2903,"Sep")/SUMIFS(Counts!$AF$2:$AF$2903,Counts!$B$2:$B$2903,$C$3,Counts!$C$2:$C$2903,$C$4,Counts!$F$2:$F$2903,"Sep"),"") -> 90.175714 | I19: =IFERROR(SUMIFS(Counts!$AG$2:$AG$2903,Counts!$B$2:$B$2903,$C$3,Counts!$C$2:$C$2903,$C$4)/SUMIFS(Counts!$AF$2:$AF$2903,Counts!$B$2:$B$2903,$C$3,Counts!$C$2:$C$2903,$C$4),"") -> 89.286607
B20: SweetSpot% | C20: =IFERROR(SUMIFS(Counts!$AH$2:$AH$2903,Counts!$B$2:$B$2903,$C$3,Counts!$C$2:$C$2903,$C$4,Counts!$F$2:$F$2903,"Mar-Apr")/SUMIFS(Counts!$AC$2:$AC$2903,Counts!$B$2:$B$2903,$C$3,Counts!$C$2:$C$2903,$C$4,Counts!$F$2:$F$2903,"Mar-Apr"),"") -> 0.27272727 | D20: =IFERROR(SUMIFS(Counts!$AH$2:$AH$2903,Counts!$B$2:$B$2903,$C$3,Counts!$C$2:$C$2903,$C$4,Counts!$F$2:$F$2903,"May")/SUMIFS(Counts!$AC$2:$AC$2903,Counts!$B$2:$B$2903,$C$3,Counts!$C$2:$C$2903,$C$4,Counts!$F$2:$F$2903,"May"),"") -> 0.37837838 | E20: =IFERROR(SUMIFS(Counts!$AH$2:$AH$2903,Counts!$B$2:$B$2903,$C$3,Counts!$C$2:$C$2903,$C$4,Counts!$F$2:$F$2903,"Jun")/SUMIFS(Counts!$AC$2:$AC$2903,Counts!$B$2:$B$2903,$C$3,Counts!$C$2:$C$2903,$C$4,Counts!$F$2:$F$2903,"Jun"),"") -> 0.44186047 | F20: =IFERROR(SUMIFS(Counts!$AH$2:$AH$2903,Counts!$B$2:$B$2903,$C$3,Counts!$C$2:$C$2903,$C$4,Counts!$F$2:$F$2903,"Jul")/SUMIFS(Counts!$AC$2:$AC$2903,Counts!$B$2:$B$2903,$C$3,Counts!$C$2:$C$2903,$C$4,Counts!$F$2:$F$2903,"Jul"),"") -> 0.32653061 | G20: =IFERROR(SUMIFS(Counts!$AH$2:$AH$2903,Counts!$B$2:$B$2903,$C$3,Counts!$C$2:$C$2903,$C$4,Counts!$F$2:$F$2903,"Aug")/SUMIFS(Counts!$AC$2:$AC$2903,Counts!$B$2:$B$2903,$C$3,Counts!$C$2:$C$2903,$C$4,Counts!$F$2:$F$2903,"Aug"),"") -> 0.32876712 | H20: =IFERROR(SUMIFS(Counts!$AH$2:$AH$2903,Counts!$B$2:$B$2903,$C$3,Counts!$C$2:$C$2903,$C$4,Counts!$F$2:$F$2903,"Sep")/SUMIFS(Counts!$AC$2:$AC$2903,Counts!$B$2:$B$2903,$C$3,Counts!$C$2:$C$2903,$C$4,Counts!$F$2:$F$2903,"Sep"),"") -> 0.28571429 | I20: =IFERROR(SUMIFS(Counts!$AH$2:$AH$2903,Counts!$B$2:$B$2903,$C$3,Counts!$C$2:$C$2903,$C$4)/SUMIFS(Counts!$AC$2:$AC$2903,Counts!$B$2:$B$2903,$C$3,Counts!$C$2:$C$2903,$C$4),"") -> 0.32840237
B21: Chase% | C21: =IFERROR(SUMIFS(Counts!$N$2:$N$2903,Counts!$B$2:$B$2903,$C$3,Counts!$C$2:$C$2903,$C$4,Counts!$F$2:$F$2903,"Mar-Apr")/SUMIFS(Counts!$M$2:$M$2903,Counts!$B$2:$B$2903,$C$3,Counts!$C$2:$C$2903,$C$4,Counts!$F$2:$F$2903,"Mar-Apr"),"") -> 0.26046512 | D21: =IFERROR(SUMIFS(Counts!$N$2:$N$2903,Counts!$B$2:$B$2903,$C$3,Counts!$C$2:$C$2903,$C$4,Counts!$F$2:$F$2903,"May")/SUMIFS(Counts!$M$2:$M$2903,Counts!$B$2:$B$2903,$C$3,Counts!$C$2:$C$2903,$C$4,Counts!$F$2:$F$2903,"May"),"") -> 0.19548872 | E21: =IFERROR(SUMIFS(Counts!$N$2:$N$2903,Counts!$B$2:$B$2903,$C$3,Counts!$C$2:$C$2903,$C$4,Counts!$F$2:$F$2903,"Jun")/SUMIFS(Counts!$M$2:$M$2903,Counts!$B$2:$B$2903,$C$3,Counts!$C$2:$C$2903,$C$4,Counts!$F$2:$F$2903,"Jun"),"") -> 0.27737226 | F21: =IFERROR(SUMIFS(Counts!$N$2:$N$2903,Counts!$B$2:$B$2903,$C$3,Counts!$C$2:$C$2903,$C$4,Counts!$F$2:$F$2903,"Jul")/SUMIFS(Counts!$M$2:$M$2903,Counts!$B$2:$B$2903,$C$3,Counts!$C$2:$C$2903,$C$4,Counts!$F$2:$F$2903,"Jul"),"") -> 0.22404372 | G21: =IFERROR(SUMIFS(Counts!$N$2:$N$2903,Counts!$B$2:$B$2903,$C$3,Counts!$C$2:$C$2903,$C$4,Counts!$F$2:$F$2903,"Aug")/SUMIFS(Counts!$M$2:$M$2903,Counts!$B$2:$B$2903,$C$3,Counts!$C$2:$C$2903,$C$4,Counts!$F$2:$F$2903,"Aug"),"") -> 0.25378788 | H21: =IFERROR(SUMIFS(Counts!$N$2:$N$2903,Counts!$B$2:$B$2903,$C$3,Counts!$C$2:$C$2903,$C$4,Counts!$F$2:$F$2903,"Sep")/SUMIFS(Counts!$M$2:$M$2903,Counts!$B$2:$B$2903,$C$3,Counts!$C$2:$C$2903,$C$4,Counts!$F$2:$F$2903,"Sep"),"") -> 0.25 | I21: =IFERROR(SUMIFS(Counts!$N$2:$N$2903,Counts!$B$2:$B$2903,$C$3,Counts!$C$2:$C$2903,$C$4)/SUMIFS(Counts!$M$2:$M$2903,Counts!$B$2:$B$2903,$C$3,Counts!$C$2:$C$2903,$C$4),"") -> 0.24568966
B22: Z-Swing% | C22: =IFERROR(SUMIFS(Counts!$K$2:$K$2903,Counts!$B$2:$B$2903,$C$3,Counts!$C$2:$C$2903,$C$4,Counts!$F$2:$F$2903,"Mar-Apr")/SUMIFS(Counts!$J$2:$J$2903,Counts!$B$2:$B$2903,$C$3,Counts!$C$2:$C$2903,$C$4,Counts!$F$2:$F$2903,"Mar-Apr"),"") -> 0.67788462 | D22: =IFERROR(SUMIFS(Counts!$K$2:$K$2903,Counts!$B$2:$B$2903,$C$3,Counts!$C$2:$C$2903,$C$4,Counts!$F$2:$F$2903,"May")/SUMIFS(Counts!$J$2:$J$2903,Counts!$B$2:$B$2903,$C$3,Counts!$C$2:$C$2903,$C$4,Counts!$F$2:$F$2903,"May"),"") -> 0.7 | E22: =IFERROR(SUMIFS(Counts!$K$2:$K$2903,Counts!$B$2:$B$2903,$C$3,Counts!$C$2:$C$2903,$C$4,Counts!$F$2:$F$2903,"Jun")/SUMIFS(Counts!$J$2:$J$2903,Counts!$B$2:$B$2903,$C$3,Counts!$C$2:$C$2903,$C$4,Counts!$F$2:$F$2903,"Jun"),"") -> 0.64 | F22: =IFERROR(SUMIFS(Counts!$K$2:$K$2903,Counts!$B$2:$B$2903,$C$3,Counts!$C$2:$C$2903,$C$4,Counts!$F$2:$F$2903,"Jul")/SUMIFS(Counts!$J$2:$J$2903,Counts!$B$2:$B$2903,$C$3,Counts!$C$2:$C$2903,$C$4,Counts!$F$2:$F$2903,"Jul"),"") -> 0.71084337 | G22: =IFERROR(SUMIFS(Counts!$K$2:$K$2903,Counts!$B$2:$B$2903,$C$3,Counts!$C$2:$C$2903,$C$4,Counts!$F$2:$F$2903,"Aug")/SUMIFS(Counts!$J$2:$J$2903,Counts!$B$2:$B$2903,$C$3,Counts!$C$2:$C$2903,$C$4,Counts!$F$2:$F$2903,"Aug"),"") -> 0.7239819 | H22: =IFERROR(SUMIFS(Counts!$K$2:$K$2903,Counts!$B$2:$B$2903,$C$3,Counts!$C$2:$C$2903,$C$4,Counts!$F$2:$F$2903,"Sep")/SUMIFS(Counts!$J$2:$J$2903,Counts!$B$2:$B$2903,$C$3,Counts!$C$2:$C$2903,$C$4,Counts!$F$2:$F$2903,"Sep"),"") -> 0.65333333 | I22: =IFERROR(SUMIFS(Counts!$K$2:$K$2903,Counts!$B$2:$B$2903,$C$3,Counts!$C$2:$C$2903,$C$4)/SUMIFS(Counts!$J$2:$J$2903,Counts!$B$2:$B$2903,$C$3,Counts!$C$2:$C$2903,$C$4),"") -> 0.68440367
B23: Whiff% | C23: =IFERROR(SUMIFS(Counts!$I$2:$I$2903,Counts!$B$2:$B$2903,$C$3,Counts!$C$2:$C$2903,$C$4,Counts!$F$2:$F$2903,"Mar-Apr")/SUMIFS(Counts!$H$2:$H$2903,Counts!$B$2:$B$2903,$C$3,Counts!$C$2:$C$2903,$C$4,Counts!$F$2:$F$2903,"Mar-Apr"),"") -> 0.25380711 | D23: =IFERROR(SUMIFS(Counts!$I$2:$I$2903,Counts!$B$2:$B$2903,$C$3,Counts!$C$2:$C$2903,$C$4,Counts!$F$2:$F$2903,"May")/SUMIFS(Counts!$H$2:$H$2903,Counts!$B$2:$B$2903,$C$3,Counts!$C$2:$C$2903,$C$4,Counts!$F$2:$F$2903,"May"),"") -> 0.25454545 | E23: =IFERROR(SUMIFS(Counts!$I$2:$I$2903,Counts!$B$2:$B$2903,$C$3,Counts!$C$2:$C$2903,$C$4,Counts!$F$2:$F$2903,"Jun")/SUMIFS(Counts!$H$2:$H$2903,Counts!$B$2:$B$2903,$C$3,Counts!$C$2:$C$2903,$C$4,Counts!$F$2:$F$2903,"Jun"),"") -> 0.29411765 | F23: =IFERROR(SUMIFS(Counts!$I$2:$I$2903,Counts!$B$2:$B$2903,$C$3,Counts!$C$2:$C$2903,$C$4,Counts!$F$2:$F$2903,"Jul")/SUMIFS(Counts!$H$2:$H$2903,Counts!$B$2:$B$2903,$C$3,Counts!$C$2:$C$2903,$C$4,Counts!$F$2:$F$2903,"Jul"),"") -> 0.18867925 | G23: =IFERROR(SUMIFS(Counts!$I$2:$I$2903,Counts!$B$2:$B$2903,$C$3,Counts!$C$2:$C$2903,$C$4,Counts!$F$2:$F$2903,"Aug")/SUMIFS(Counts!$H$2:$H$2903,Counts!$B$2:$B$2903,$C$3,Counts!$C$2:$C$2903,$C$4,Counts!$F$2:$F$2903,"Aug"),"") -> 0.2246696 | H23: =IFERROR(SUMIFS(Counts!$I$2:$I$2903,Counts!$B$2:$B$2903,$C$3,Counts!$C$2:$C$2903,$C$4,Counts!$F$2:$F$2903,"Sep")/SUMIFS(Counts!$H$2:$H$2903,Counts!$B$2:$B$2903,$C$3,Counts!$C$2:$C$2903,$C$4,Counts!$F$2:$F$2903,"Sep"),"") -> 0.20588235 | I23: =IFERROR(SUMIFS(Counts!$I$2:$I$2903,Counts!$B$2:$B$2903,$C$3,Counts!$C$2:$C$2903,$C$4)/SUMIFS(Counts!$H$2:$H$2903,Counts!$B$2:$B$2903,$C$3,Counts!$C$2:$C$2903,$C$4),"") -> 0.23330106
B24: Z-Contact% | C24: =IFERROR(1-SUMIFS(Counts!$L$2:$L$2903,Counts!$B$2:$B$2903,$C$3,Counts!$C$2:$C$2903,$C$4,Counts!$F$2:$F$2903,"Mar-Apr")/SUMIFS(Counts!$K$2:$K$2903,Counts!$B$2:$B$2903,$C$3,Counts!$C$2:$C$2903,$C$4,Counts!$F$2:$F$2903,"Mar-Apr"),"") -> 0.81560284 | D24: =IFERROR(1-SUMIFS(Counts!$L$2:$L$2903,Counts!$B$2:$B$2903,$C$3,Counts!$C$2:$C$2903,$C$4,Counts!$F$2:$F$2903,"May")/SUMIFS(Counts!$K$2:$K$2903,Counts!$B$2:$B$2903,$C$3,Counts!$C$2:$C$2903,$C$4,Counts!$F$2:$F$2903,"May"),"") -> 0.79761905 | E24: =IFERROR(1-SUMIFS(Counts!$L$2:$L$2903,Counts!$B$2:$B$2903,$C$3,Counts!$C$2:$C$2903,$C$4,Counts!$F$2:$F$2903,"Jun")/SUMIFS(Counts!$K$2:$K$2903,Counts!$B$2:$B$2903,$C$3,Counts!$C$2:$C$2903,$C$4,Counts!$F$2:$F$2903,"Jun"),"") -> 0.79166667 | F24: =IFERROR(1-SUMIFS(Counts!$L$2:$L$2903,Counts!$B$2:$B$2903,$C$3,Counts!$C$2:$C$2903,$C$4,Counts!$F$2:$F$2903,"Jul")/SUMIFS(Counts!$K$2:$K$2903,Counts!$B$2:$B$2903,$C$3,Counts!$C$2:$C$2903,$C$4,Counts!$F$2:$F$2903,"Jul"),"") -> 0.83898305 | G24: =IFERROR(1-SUMIFS(Counts!$L$2:$L$2903,Counts!$B$2:$B$2903,$C$3,Counts!$C$2:$C$2903,$C$4,Counts!$F$2:$F$2903,"Aug")/SUMIFS(Counts!$K$2:$K$2903,Counts!$B$2:$B$2903,$C$3,Counts!$C$2:$C$2903,$C$4,Counts!$F$2:$F$2903,"Aug"),"") -> 0.80625 | H24: =IFERROR(1-SUMIFS(Counts!$L$2:$L$2903,Counts!$B$2:$B$2903,$C$3,Counts!$C$2:$C$2903,$C$4,Counts!$F$2:$F$2903,"Sep")/SUMIFS(Counts!$K$2:$K$2903,Counts!$B$2:$B$2903,$C$3,Counts!$C$2:$C$2903,$C$4,Counts!$F$2:$F$2903,"Sep"),"") -> 0.88435374 | I24: =IFERROR(1-SUMIFS(Counts!$L$2:$L$2903,Counts!$B$2:$B$2903,$C$3,Counts!$C$2:$C$2903,$C$4)/SUMIFS(Counts!$K$2:$K$2903,Counts!$B$2:$B$2903,$C$3,Counts!$C$2:$C$2903,$C$4),"") -> 0.82573727
B25: Bat Speed | C25: =IFERROR(SUMIFS(Counts!$AJ$2:$AJ$2903,Counts!$B$2:$B$2903,$C$3,Counts!$C$2:$C$2903,$C$4,Counts!$F$2:$F$2903,"Mar-Apr")/SUMIFS(Counts!$AI$2:$AI$2903,Counts!$B$2:$B$2903,$C$3,Counts!$C$2:$C$2903,$C$4,Counts!$F$2:$F$2903,"Mar-Apr"),"") -> 73.5875 | D25: =IFERROR(SUMIFS(Counts!$AJ$2:$AJ$2903,Counts!$B$2:$B$2903,$C$3,Counts!$C$2:$C$2903,$C$4,Counts!$F$2:$F$2903,"May")/SUMIFS(Counts!$AI$2:$AI$2903,Counts!$B$2:$B$2903,$C$3,Counts!$C$2:$C$2903,$C$4,Counts!$F$2:$F$2903,"May"),"") -> 72.955319 | E25: =IFERROR(SUMIFS(Counts!$AJ$2:$AJ$2903,Counts!$B$2:$B$2903,$C$3,Counts!$C$2:$C$2903,$C$4,Counts!$F$2:$F$2903,"Jun")/SUMIFS(Counts!$AI$2:$AI$2903,Counts!$B$2:$B$2903,$C$3,Counts!$C$2:$C$2903,$C$4,Counts!$F$2:$F$2903,"Jun"),"") -> 74.679592 | F25: =IFERROR(SUMIFS(Counts!$AJ$2:$AJ$2903,Counts!$B$2:$B$2903,$C$3,Counts!$C$2:$C$2903,$C$4,Counts!$F$2:$F$2903,"Jul")/SUMIFS(Counts!$AI$2:$AI$2903,Counts!$B$2:$B$2903,$C$3,Counts!$C$2:$C$2903,$C$4,Counts!$F$2:$F$2903,"Jul"),"") -> 73.265217 | G25: =IFERROR(SUMIFS(Counts!$AJ$2:$AJ$2903,Counts!$B$2:$B$2903,$C$3,Counts!$C$2:$C$2903,$C$4,Counts!$F$2:$F$2903,"Aug")/SUMIFS(Counts!$AI$2:$AI$2903,Counts!$B$2:$B$2903,$C$3,Counts!$C$2:$C$2903,$C$4,Counts!$F$2:$F$2903,"Aug"),"") -> 73.643842 | H25: =IFERROR(SUMIFS(Counts!$AJ$2:$AJ$2903,Counts!$B$2:$B$2903,$C$3,Counts!$C$2:$C$2903,$C$4,Counts!$F$2:$F$2903,"Sep")/SUMIFS(Counts!$AI$2:$AI$2903,Counts!$B$2:$B$2903,$C$3,Counts!$C$2:$C$2903,$C$4,Counts!$F$2:$F$2903,"Sep"),"") -> 73.530556 | I25: =IFERROR(SUMIFS(Counts!$AJ$2:$AJ$2903,Counts!$B$2:$B$2903,$C$3,Counts!$C$2:$C$2903,$C$4)/SUMIFS(Counts!$AI$2:$AI$2903,Counts!$B$2:$B$2903,$C$3,Counts!$C$2:$C$2903,$C$4),"") -> 73.592351
B26: Fast-Swing% | C26: =IFERROR(SUMIFS(Counts!$AK$2:$AK$2903,Counts!$B$2:$B$2903,$C$3,Counts!$C$2:$C$2903,$C$4,Counts!$F$2:$F$2903,"Mar-Apr")/SUMIFS(Counts!$AI$2:$AI$2903,Counts!$B$2:$B$2903,$C$3,Counts!$C$2:$C$2903,$C$4,Counts!$F$2:$F$2903,"Mar-Apr"),"") -> 0.38068182 | D26: =IFERROR(SUMIFS(Counts!$AK$2:$AK$2903,Counts!$B$2:$B$2903,$C$3,Counts!$C$2:$C$2903,$C$4,Counts!$F$2:$F$2903,"May")/SUMIFS(Counts!$AI$2:$AI$2903,Counts!$B$2:$B$2903,$C$3,Counts!$C$2:$C$2903,$C$4,Counts!$F$2:$F$2903,"May"),"") -> 0.28723404 | E26: =IFERROR(SUMIFS(Counts!$AK$2:$AK$2903,Counts!$B$2:$B$2903,$C$3,Counts!$C$2:$C$2903,$C$4,Counts!$F$2:$F$2903,"Jun")/SUMIFS(Counts!$AI$2:$AI$2903,Counts!$B$2:$B$2903,$C$3,Counts!$C$2:$C$2903,$C$4,Counts!$F$2:$F$2903,"Jun"),"") -> 0.44897959 | F26: =IFERROR(SUMIFS(Counts!$AK$2:$AK$2903,Counts!$B$2:$B$2903,$C$3,Counts!$C$2:$C$2903,$C$4,Counts!$F$2:$F$2903,"Jul")/SUMIFS(Counts!$AI$2:$AI$2903,Counts!$B$2:$B$2903,$C$3,Counts!$C$2:$C$2903,$C$4,Counts!$F$2:$F$2903,"Jul"),"") -> 0.37681159 | G26: =IFERROR(SUMIFS(Counts!$AK$2:$AK$2903,Counts!$B$2:$B$2903,$C$3,Counts!$C$2:$C$2903,$C$4,Counts!$F$2:$F$2903,"Aug")/SUMIFS(Counts!$AI$2:$AI$2903,Counts!$B$2:$B$2903,$C$3,Counts!$C$2:$C$2903,$C$4,Counts!$F$2:$F$2903,"Aug"),"") -> 0.38916256 | H26: =IFERROR(SUMIFS(Counts!$AK$2:$AK$2903,Counts!$B$2:$B$2903,$C$3,Counts!$C$2:$C$2903,$C$4,Counts!$F$2:$F$2903,"Sep")/SUMIFS(Counts!$AI$2:$AI$2903,Counts!$B$2:$B$2903,$C$3,Counts!$C$2:$C$2903,$C$4,Counts!$F$2:$F$2903,"Sep"),"") -> 0.4 | I26: =IFERROR(SUMIFS(Counts!$AK$2:$AK$2903,Counts!$B$2:$B$2903,$C$3,Counts!$C$2:$C$2903,$C$4)/SUMIFS(Counts!$AI$2:$AI$2903,Counts!$B$2:$B$2903,$C$3,Counts!$C$2:$C$2903,$C$4),"") -> 0.38357705
B27: Run Value | C27: =IFERROR(SUMIFS(Counts!$O$2:$O$2903,Counts!$B$2:$B$2903,$C$3,Counts!$C$2:$C$2903,$C$4,Counts!$F$2:$F$2903,"Mar-Apr"),"") -> -6.731 | D27: =IFERROR(SUMIFS(Counts!$O$2:$O$2903,Counts!$B$2:$B$2903,$C$3,Counts!$C$2:$C$2903,$C$4,Counts!$F$2:$F$2903,"May"),"") -> -5.479 | E27: =IFERROR(SUMIFS(Counts!$O$2:$O$2903,Counts!$B$2:$B$2903,$C$3,Counts!$C$2:$C$2903,$C$4,Counts!$F$2:$F$2903,"Jun"),"") -> 1.445 | F27: =IFERROR(SUMIFS(Counts!$O$2:$O$2903,Counts!$B$2:$B$2903,$C$3,Counts!$C$2:$C$2903,$C$4,Counts!$F$2:$F$2903,"Jul"),"") -> -0.22 | G27: =IFERROR(SUMIFS(Counts!$O$2:$O$2903,Counts!$B$2:$B$2903,$C$3,Counts!$C$2:$C$2903,$C$4,Counts!$F$2:$F$2903,"Aug"),"") -> 10.436 | H27: =IFERROR(SUMIFS(Counts!$O$2:$O$2903,Counts!$B$2:$B$2903,$C$3,Counts!$C$2:$C$2903,$C$4,Counts!$F$2:$F$2903,"Sep"),"") -> 2.415 | I27: =IFERROR(SUMIFS(Counts!$O$2:$O$2903,Counts!$B$2:$B$2903,$C$3,Counts!$C$2:$C$2903,$C$4),"") -> 1.866
B29: Blank = no PA that month. Small monthly samples are noisy: read every rate with the PA row.

Sheet Team
B2: Team Offense by Month
B3: Team: | C3: ATH
B5: Metric | C5: Mar-Apr | D5: May | E5: Jun | F5: Jul | G5: Aug | H5: Sep | I5: Season | J5: MLB
B6: PA | C6: =IFERROR(SUMIFS(Counts!$P$2:$P$2903,Counts!$B$2:$B$2903,$C$3,Counts!$F$2:$F$2903,"Mar-Apr"),"") -> 1191 | D6: =IFERROR(SUMIFS(Counts!$P$2:$P$2903,Counts!$B$2:$B$2903,$C$3,Counts!$F$2:$F$2903,"May"),"") -> 1081 | E6: =IFERROR(SUMIFS(Counts!$P$2:$P$2903,Counts!$B$2:$B$2903,$C$3,Counts!$F$2:$F$2903,"Jun"),"") -> 1045 | F6: =IFERROR(SUMIFS(Counts!$P$2:$P$2903,Counts!$B$2:$B$2903,$C$3,Counts!$F$2:$F$2903,"Jul"),"") -> 884 | G6: =IFERROR(SUMIFS(Counts!$P$2:$P$2903,Counts!$B$2:$B$2903,$C$3,Counts!$F$2:$F$2903,"Aug"),"") -> 1034 | H6: =IFERROR(SUMIFS(Counts!$P$2:$P$2903,Counts!$B$2:$B$2903,$C$3,Counts!$F$2:$F$2903,"Sep"),"") -> 891 | I6: =IFERROR(SUMIFS(Counts!$P$2:$P$2903,Counts!$B$2:$B$2903,$C$3),"") -> 6126 | J6: =IFERROR(SUM(Counts!$P$2:$P$2903)/30,"") -> 6128.3
B7: AVG | C7: =IFERROR(SUMIFS(Counts!$R$2:$R$2903,Counts!$B$2:$B$2903,$C$3,Counts!$F$2:$F$2903,"Mar-Apr")/SUMIFS(Counts!$Q$2:$Q$2903,Counts!$B$2:$B$2903,$C$3,Counts!$F$2:$F$2903,"Mar-Apr"),"") -> 0.24596391 | D7: =IFERROR(SUMIFS(Counts!$R$2:$R$2903,Counts!$B$2:$B$2903,$C$3,Counts!$F$2:$F$2903,"May")/SUMIFS(Counts!$Q$2:$Q$2903,Counts!$B$2:$B$2903,$C$3,Counts!$F$2:$F$2903,"May"),"") -> 0.24894515 | E7: =IFERROR(SUMIFS(Counts!$R$2:$R$2903,Counts!$B$2:$B$2903,$C$3,Counts!$F$2:$F$2903,"Jun")/SUMIFS(Counts!$Q$2:$Q$2903,Counts!$B$2:$B$2903,$C$3,Counts!$F$2:$F$2903,"Jun"),"") -> 0.24679487 | F7: =IFERROR(SUMIFS(Counts!$R$2:$R$2903,Counts!$B$2:$B$2903,$C$3,Counts!$F$2:$F$2903,"Jul")/SUMIFS(Counts!$Q$2:$Q$2903,Counts!$B$2:$B$2903,$C$3,Counts!$F$2:$F$2903,"Jul"),"") -> 0.23279099 | G7: =IFERROR(SUMIFS(Counts!$R$2:$R$2903,Counts!$B$2:$B$2903,$C$3,Counts!$F$2:$F$2903,"Aug")/SUMIFS(Counts!$Q$2:$Q$2903,Counts!$B$2:$B$2903,$C$3,Counts!$F$2:$F$2903,"Aug"),"") -> 0.24867163 | H7: =IFERROR(SUMIFS(Counts!$R$2:$R$2903,Counts!$B$2:$B$2903,$C$3,Counts!$F$2:$F$2903,"Sep")/SUMIFS(Counts!$Q$2:$Q$2903,Counts!$B$2:$B$2903,$C$3,Counts!$F$2:$F$2903,"Sep"),"") -> 0.24537608 | I7: =IFERROR(SUMIFS(Counts!$R$2:$R$2903,Counts!$B$2:$B$2903,$C$3)/SUMIFS(Counts!$Q$2:$Q$2903,Counts!$B$2:$B$2903,$C$3),"") -> 0.24508017 | J7: =IFERROR(SUM(Counts!$R$2:$R$2903)/SUM(Counts!$Q$2:$Q$2903),"") -> 0.24397695
B8: OBP | C8: =IFERROR((SUMIFS(Counts!$R$2:$R$2903,Counts!$B$2:$B$2903,$C$3,Counts!$F$2:$F$2903,"Mar-Apr")+SUMIFS(Counts!$V$2:$V$2903,Counts!$B$2:$B$2903,$C$3,Counts!$F$2:$F$2903,"Mar-Apr")+SUMIFS(Counts!$W$2:$W$2903,Counts!$B$2:$B$2903,$C$3,Counts!$F$2:$F$2903,"Mar-Apr"))/(SUMIFS(Counts!$Q$2:$Q$2903,Counts!$B$2:$B$2903,$C$3,Counts!$F$2:$F$2903,"Mar-Apr")+SUMIFS(Counts!$V$2:$V$2903,Counts!$B$2:$B$2903,$C$3,Counts!$F$2:$F$2903,"Mar-Apr")+SUMIFS(Counts!$W$2:$W$2903,Counts!$B$2:$B$2903,$C$3,Counts!$F$2:$F$2903,"Mar-Apr")+SUMIFS(Counts!$X$2:$X$2903,Counts!$B$2:$B$2903,$C$3,Counts!$F$2:$F$2903,"Mar-Apr")),"") -> 0.32290786 | D8: =IFERROR((SUMIFS(Counts!$R$2:$R$2903,Counts!$B$2:$B$2903,$C$3,Counts!$F$2:$F$2903,"May")+SUMIFS(Counts!$V$2:$V$2903,Counts!$B$2:$B$2903,$C$3,Counts!$F$2:$F$2903,"May")+SUMIFS(Counts!$W$2:$W$2903,Counts!$B$2:$B$2903,$C$3,Counts!$F$2:$F$2903,"May"))/(SUMIFS(Counts!$Q$2:$Q$2903,Counts!$B$2:$B$2903,$C$3,Counts!$F$2:$F$2903,"May")+SUMIFS(Counts!$V$2:$V$2903,Counts!$B$2:$B$2903,$C$3,Counts!$F$2:$F$2903,"May")+SUMIFS(Counts!$W$2:$W$2903,Counts!$B$2:$B$2903,$C$3,Counts!$F$2:$F$2903,"May")+SUMIFS(Counts!$X$2:$X$2903,Counts!$B$2:$B$2903,$C$3,Counts!$F$2:$F$2903,"May")),"") -> 0.33580705 | E8: =IFERROR((SUMIFS(Counts!$R$2:$R$2903,Counts!$B$2:$B$2903,$C$3,Counts!$F$2:$F$2903,"Jun")+SUMIFS(Counts!$V$2:$V$2903,Counts!$B$2:$B$2903,$C$3,Counts!$F$2:$F$2903,"Jun")+SUMIFS(Counts!$W$2:$W$2903,Counts!$B$2:$B$2903,$C$3,Counts!$F$2:$F$2903,"Jun"))/(SUMIFS(Counts!$Q$2:$Q$2903,Counts!$B$2:$B$2903,$C$3,Counts!$F$2:$F$2903,"Jun")+SUMIFS(Counts!$V$2:$V$2903,Counts!$B$2:$B$2903,$C$3,Counts!$F$2:$F$2903,"Jun")+SUMIFS(Counts!$W$2:$W$2903,Counts!$B$2:$B$2903,$C$3,Counts!$F$2:$F$2903,"Jun")+SUMIFS(Counts!$X$2:$X$2903,Counts!$B$2:$B$2903,$C$3,Counts!$F$2:$F$2903,"Jun")),"") -> 0.32023011 | F8: =IFERROR((SUMIFS(Counts!$R$2:$R$2903,Counts!$B$2:$B$2903,$C$3,Counts!$F$2:$F$2903,"Jul")+SUMIFS(Counts!$V$2:$V$2903,Counts!$B$2:$B$2903,$C$3,Counts!$F$2:$F$2903,"Jul")+SUMIFS(Counts!$W$2:$W$2903,Counts!$B$2:$B$2903,$C$3,Counts!$F$2:$F$2903,"Jul"))/(SUMIFS(Counts!$Q$2:$Q$2903,Counts!$B$2:$B$2903,$C$3,Counts!$F$2:$F$2903,"Jul")+SUMIFS(Counts!$V$2:$V$2903,Counts!$B$2:$B$2903,$C$3,Counts!$F$2:$F$2903,"Jul")+SUMIFS(Counts!$W$2:$W$2903,Counts!$B$2:$B$2903,$C$3,Counts!$F$2:$F$2903,"Jul")+SUMIFS(Counts!$X$2:$X$2903,Counts!$B$2:$B$2903,$C$3,Counts!$F$2:$F$2903,"Jul")),"") -> 0.29579067 | G8: =IFERROR((SUMIFS(Counts!$R$2:$R$2903,Counts!$B$2:$B$2903,$C$3,Counts!$F$2:$F$2903,"Aug")+SUMIFS(Counts!$V$2:$V$2903,Counts!$B$2:$B$2903,$C$3,Counts!$F$2:$F$2903,"Aug")+SUMIFS(Counts!$W$2:$W$2903,Counts!$B$2:$B$2903,$C$3,Counts!$F$2:$F$2903,"Aug"))/(SUMIFS(Counts!$Q$2:$Q$2903,Counts!$B$2:$B$2903,$C$3,Counts!$F$2:$F$2903,"Aug")+SUMIFS(Counts!$V$2:$V$2903,Counts!$B$2:$B$2903,$C$3,Counts!$F$2:$F$2903,"Aug")+SUMIFS(Counts!$W$2:$W$2903,Counts!$B$2:$B$2903,$C$3,Counts!$F$2:$F$2903,"Aug")+SUMIFS(Counts!$X$2:$X$2903,Counts!$B$2:$B$2903,$C$3,Counts!$F$2:$F$2903,"Aug")),"") -> 0.31134821 | H8: =IFERROR((SUMIFS(Counts!$R$2:$R$2903,Counts!$B$2:$B$2903,$C$3,Counts!$F$2:$F$2903,"Sep")+SUMIFS(Counts!$V$2:$V$2903,Counts!$B$2:$B$2903,$C$3,Counts!$F$2:$F$2903,"Sep")+SUMIFS(Counts!$W$2:$W$2903,Counts!$B$2:$B$2903,$C$3,Counts!$F$2:$F$2903,"Sep"))/(SUMIFS(Counts!$Q$2:$Q$2903,Counts!$B$2:$B$2903,$C$3,Counts!$F$2:$F$2903,"Sep")+SUMIFS(Counts!$V$2:$V$2903,Counts!$B$2:$B$2903,$C$3,Counts!$F$2:$F$2903,"Sep")+SUMIFS(Counts!$W$2:$W$2903,Counts!$B$2:$B$2903,$C$3,Counts!$F$2:$F$2903,"Sep")+SUMIFS(Counts!$X$2:$X$2903,Counts!$B$2:$B$2903,$C$3,Counts!$F$2:$F$2903,"Sep")),"") -> 0.31046119 | I8: =IFERROR((SUMIFS(Counts!$R$2:$R$2903,Counts!$B$2:$B$2903,$C$3)+SUMIFS(Counts!$V$2:$V$2903,Counts!$B$2:$B$2903,$C$3)+SUMIFS(Counts!$W$2:$W$2903,Counts!$B$2:$B$2903,$C$3))/(SUMIFS(Counts!$Q$2:$Q$2903,Counts!$B$2:$B$2903,$C$3)+SUMIFS(Counts!$V$2:$V$2903,Counts!$B$2:$B$2903,$C$3)+SUMIFS(Counts!$W$2:$W$2903,Counts!$B$2:$B$2903,$C$3)+SUMIFS(Counts!$X$2:$X$2903,Counts!$B$2:$B$2903,$C$3)),"") -> 0.31705718 | J8: =IFERROR((SUM(Counts!$R$2:$R$2903)+SUM(Counts!$V$2:$V$2903)+SUM(Counts!$W$2:$W$2903))/(SUM(Counts!$Q$2:$Q$2903)+SUM(Counts!$V$2:$V$2903)+SUM(Counts!$W$2:$W$2903)+SUM(Counts!$X$2:$X$2903)),"") -> 0.31845492
B9: SLG | C9: =IFERROR((SUMIFS(Counts!$R$2:$R$2903,Counts!$B$2:$B$2903,$C$3,Counts!$F$2:$F$2903,"Mar-Apr")+SUMIFS(Counts!$S$2:$S$2903,Counts!$B$2:$B$2903,$C$3,Counts!$F$2:$F$2903,"Mar-Apr")+2*SUMIFS(Counts!$T$2:$T$2903,Counts!$B$2:$B$2903,$C$3,Counts!$F$2:$F$2903,"Mar-Apr")+3*SUMIFS(Counts!$U$2:$U$2903,Counts!$B$2:$B$2903,$C$3,Counts!$F$2:$F$2903,"Mar-Apr"))/SUMIFS(Counts!$Q$2:$Q$2903,Counts!$B$2:$B$2903,$C$3,Counts!$F$2:$F$2903,"Mar-Apr"),"") -> 0.39316239 | D9: =IFERROR((SUMIFS(Counts!$R$2:$R$2903,Counts!$B$2:$B$2903,$C$3,Counts!$F$2:$F$2903,"May")+SUMIFS(Counts!$S$2:$S$2903,Counts!$B$2:$B$2903,$C$3,Counts!$F$2:$F$2903,"May")+2*SUMIFS(Counts!$T$2:$T$2903,Counts!$B$2:$B$2903,$C$3,Counts!$F$2:$F$2903,"May")+3*SUMIFS(Counts!$U$2:$U$2903,Counts!$B$2:$B$2903,$C$3,Counts!$F$2:$F$2903,"May"))/SUMIFS(Counts!$Q$2:$Q$2903,Counts!$B$2:$B$2903,$C$3,Counts!$F$2:$F$2903,"May"),"") -> 0.39662447 | E9: =IFERROR((SUMIFS(Counts!$R$2:$R$2903,Counts!$B$2:$B$2903,$C$3,Counts!$F$2:$F$2903,"Jun")+SUMIFS(Counts!$S$2:$S$2903,Counts!$B$2:$B$2903,$C$3,Counts!$F$2:$F$2903,"Jun")+2*SUMIFS(Counts!$T$2:$T$2903,Counts!$B$2:$B$2903,$C$3,Counts!$F$2:$F$2903,"Jun")+3*SUMIFS(Counts!$U$2:$U$2903,Counts!$B$2:$B$2903,$C$3,Counts!$F$2:$F$2903,"Jun"))/SUMIFS(Counts!$Q$2:$Q$2903,Counts!$B$2:$B$2903,$C$3,Counts!$F$2:$F$2903,"Jun"),"") -> 0.43696581 | F9: =IFERROR((SUMIFS(Counts!$R$2:$R$2903,Counts!$B$2:$B$2903,$C$3,Counts!$F$2:$F$2903,"Jul")+SUMIFS(Counts!$S$2:$S$2903,Counts!$B$2:$B$2903,$C$3,Counts!$F$2:$F$2903,"Jul")+2*SUMIFS(Counts!$T$2:$T$2903,Counts!$B$2:$B$2903,$C$3,Counts!$F$2:$F$2903,"Jul")+3*SUMIFS(Counts!$U$2:$U$2903,Counts!$B$2:$B$2903,$C$3,Counts!$F$2:$F$2903,"Jul"))/SUMIFS(Counts!$Q$2:$Q$2903,Counts!$B$2:$B$2903,$C$3,Counts!$F$2:$F$2903,"Jul"),"") -> 0.37797247 | G9: =IFERROR((SUMIFS(Counts!$R$2:$R$2903,Counts!$B$2:$B$2903,$C$3,Counts!$F$2:$F$2903,"Aug")+SUMIFS(Counts!$S$2:$S$2903,Counts!$B$2:$B$2903,$C$3,Counts!$F$2:$F$2903,"Aug")+2*SUMIFS(Counts!$T$2:$T$2903,Counts!$B$2:$B$2903,$C$3,Counts!$F$2:$F$2903,"Aug")+3*SUMIFS(Counts!$U$2:$U$2903,Counts!$B$2:$B$2903,$C$3,Counts!$F$2:$F$2903,"Aug"))/SUMIFS(Counts!$Q$2:$Q$2903,Counts!$B$2:$B$2903,$C$3,Counts!$F$2:$F$2903,"Aug"),"") -> 0.38894793 | H9: =IFERROR((SUMIFS(Counts!$R$2:$R$2903,Counts!$B$2:$B$2903,$C$3,Counts!$F$2:$F$2903,"Sep")+SUMIFS(Counts!$S$2:$S$2903,Counts!$B$2:$B$2903,$C$3,Counts!$F$2:$F$2903,"Sep")+2*SUMIFS(Counts!$T$2:$T$2903,Counts!$B$2:$B$2903,$C$3,Counts!$F$2:$F$2903,"Sep")+3*SUMIFS(Counts!$U$2:$U$2903,Counts!$B$2:$B$2903,$C$3,Counts!$F$2:$F$2903,"Sep"))/SUMIFS(Counts!$Q$2:$Q$2903,Counts!$B$2:$B$2903,$C$3,Counts!$F$2:$F$2903,"Sep"),"") -> 0.41676942 | I9: =IFERROR((SUMIFS(Counts!$R$2:$R$2903,Counts!$B$2:$B$2903,$C$3)+SUMIFS(Counts!$S$2:$S$2903,Counts!$B$2:$B$2903,$C$3)+2*SUMIFS(Counts!$T$2:$T$2903,Counts!$B$2:$B$2903,$C$3)+3*SUMIFS(Counts!$U$2:$U$2903,Counts!$B$2:$B$2903,$C$3))/SUMIFS(Counts!$Q$2:$Q$2903,Counts!$B$2:$B$2903,$C$3),"") -> 0.40178571 | J9: =IFERROR((SUM(Counts!$R$2:$R$2903)+SUM(Counts!$S$2:$S$2903)+2*SUM(Counts!$T$2:$T$2903)+3*SUM(Counts!$U$2:$U$2903)/30)/SUM(Counts!$Q$2:$Q$2903),"") -> 0.30148288
B10: HR | C10: =IFERROR(SUMIFS(Counts!$U$2:$U$2903,Counts!$B$2:$B$2903,$C$3,Counts!$F$2:$F$2903,"Mar-Apr"),"") -> 32 | D10: =IFERROR(SUMIFS(Counts!$U$2:$U$2903,Counts!$B$2:$B$2903,$C$3,Counts!$F$2:$F$2903,"May"),"") -> 31 | E10: =IFERROR(SUMIFS(Counts!$U$2:$U$2903,Counts!$B$2:$B$2903,$C$3,Counts!$F$2:$F$2903,"Jun"),"") -> 46 | F10: =IFERROR(SUMIFS(Counts!$U$2:$U$2903,Counts!$B$2:$B$2903,$C$3,Counts!$F$2:$F$2903,"Jul"),"") -> 24 | G10: =IFERROR(SUMIFS(Counts!$U$2:$U$2903,Counts!$B$2:$B$2903,$C$3,Counts!$F$2:$F$2903,"Aug"),"") -> 27 | H10: =IFERROR(SUMIFS(Counts!$U$2:$U$2903,Counts!$B$2:$B$2903,$C$3,Counts!$F$2:$F$2903,"Sep"),"") -> 34 | I10: =IFERROR(SUMIFS(Counts!$U$2:$U$2903,Counts!$B$2:$B$2903,$C$3),"") -> 194 | J10: =IFERROR(SUM(Counts!$U$2:$U$2903)/30,"") -> 185.83333
B11: wOBA | C11: =IFERROR(SUMIFS(Counts!$Z$2:$Z$2903,Counts!$B$2:$B$2903,$C$3,Counts!$F$2:$F$2903,"Mar-Apr")/SUMIFS(Counts!$AA$2:$AA$2903,Counts!$B$2:$B$2903,$C$3,Counts!$F$2:$F$2903,"Mar-Apr"),"") -> 0.3145602 | D11: =IFERROR(SUMIFS(Counts!$Z$2:$Z$2903,Counts!$B$2:$B$2903,$C$3,Counts!$F$2:$F$2903,"May")/SUMIFS(Counts!$AA$2:$AA$2903,Counts!$B$2:$B$2903,$C$3,Counts!$F$2:$F$2903,"May"),"") -> 0.32516401 | E11: =IFERROR(SUMIFS(Counts!$Z$2:$Z$2903,Counts!$B$2:$B$2903,$C$3,Counts!$F$2:$F$2903,"Jun")/SUMIFS(Counts!$AA$2:$AA$2903,Counts!$B$2:$B$2903,$C$3,Counts!$F$2:$F$2903,"Jun"),"") -> 0.32993197 | F11: =IFERROR(SUMIFS(Counts!$Z$2:$Z$2903,Counts!$B$2:$B$2903,$C$3,Counts!$F$2:$F$2903,"Jul")/SUMIFS(Counts!$AA$2:$AA$2903,Counts!$B$2:$B$2903,$C$3,Counts!$F$2:$F$2903,"Jul"),"") -> 0.29726651 | G11: =IFERROR(SUMIFS(Counts!$Z$2:$Z$2903,Counts!$B$2:$B$2903,$C$3,Counts!$F$2:$F$2903,"Aug")/SUMIFS(Counts!$AA$2:$AA$2903,Counts!$B$2:$B$2903,$C$3,Counts!$F$2:$F$2903,"Aug"),"") -> 0.30967899 | H11: =IFERROR(SUMIFS(Counts!$Z$2:$Z$2903,Counts!$B$2:$B$2903,$C$3,Counts!$F$2:$F$2903,"Sep")/SUMIFS(Counts!$AA$2:$AA$2903,Counts!$B$2:$B$2903,$C$3,Counts!$F$2:$F$2903,"Sep"),"") -> 0.31944758 | I11: =IFERROR(SUMIFS(Counts!$Z$2:$Z$2903,Counts!$B$2:$B$2903,$C$3)/SUMIFS(Counts!$AA$2:$AA$2903,Counts!$B$2:$B$2903,$C$3),"") -> 0.31641914 | J11: =IFERROR(SUM(Counts!$Z$2:$Z$2903)/SUM(Counts!$AA$2:$AA$2903),"") -> 0.31645219
B12: xwOBA | C12: =IFERROR(SUMIFS(Counts!$AB$2:$AB$2903,Counts!$B$2:$B$2903,$C$3,Counts!$F$2:$F$2903,"Mar-Apr")/SUMIFS(Counts!$AA$2:$AA$2903,Counts!$B$2:$B$2903,$C$3,Counts!$F$2:$F$2903,"Mar-Apr"),"") -> 0.32566781 | D12: =IFERROR(SUMIFS(Counts!$AB$2:$AB$2903,Counts!$B$2:$B$2903,$C$3,Counts!$F$2:$F$2903,"May")/SUMIFS(Counts!$AA$2:$AA$2903,Counts!$B$2:$B$2903,$C$3,Counts!$F$2:$F$2903,"May"),"") -> 0.31621462 | E12: =IFERROR(SUMIFS(Counts!$AB$2:$AB$2903,Counts!$B$2:$B$2903,$C$3,Counts!$F$2:$F$2903,"Jun")/SUMIFS(Counts!$AA$2:$AA$2903,Counts!$B$2:$B$2903,$C$3,Counts!$F$2:$F$2903,"Jun"),"") -> 0.31129835 | F12: =IFERROR(SUMIFS(Counts!$AB$2:$AB$2903,Counts!$B$2:$B$2903,$C$3,Counts!$F$2:$F$2903,"Jul")/SUMIFS(Counts!$AA$2:$AA$2903,Counts!$B$2:$B$2903,$C$3,Counts!$F$2:$F$2903,"Jul"),"") -> 0.2955262 | G12: =IFERROR(SUMIFS(Counts!$AB$2:$AB$2903,Counts!$B$2:$B$2903,$C$3,Counts!$F$2:$F$2903,"Aug")/SUMIFS(Counts!$AA$2:$AA$2903,Counts!$B$2:$B$2903,$C$3,Counts!$F$2:$F$2903,"Aug"),"") -> 0.29818191 | H12: =IFERROR(SUMIFS(Counts!$AB$2:$AB$2903,Counts!$B$2:$B$2903,$C$3,Counts!$F$2:$F$2903,"Sep")/SUMIFS(Counts!$AA$2:$AA$2903,Counts!$B$2:$B$2903,$C$3,Counts!$F$2:$F$2903,"Sep"),"") -> 0.30332694 | I12: =IFERROR(SUMIFS(Counts!$AB$2:$AB$2903,Counts!$B$2:$B$2903,$C$3)/SUMIFS(Counts!$AA$2:$AA$2903,Counts!$B$2:$B$2903,$C$3),"") -> 0.3092637 | J12: =IFERROR(SUM(Counts!$AB$2:$AB$2903)/SUM(Counts!$AA$2:$AA$2903),"") -> 0.31454381
B13: xwOBA - wOBA | C13: =IFERROR((SUMIFS(Counts!$AB$2:$AB$2903,Counts!$B$2:$B$2903,$C$3,Counts!$F$2:$F$2903,"Mar-Apr")-SUMIFS(Counts!$Z$2:$Z$2903,Counts!$B$2:$B$2903,$C$3,Counts!$F$2:$F$2903,"Mar-Apr"))/SUMIFS(Counts!$AA$2:$AA$2903,Counts!$B$2:$B$2903,$C$3,Counts!$F$2:$F$2903,"Mar-Apr"),"") -> 0.0111076 | D13: =IFERROR((SUMIFS(Counts!$AB$2:$AB$2903,Counts!$B$2:$B$2903,$C$3,Counts!$F$2:$F$2903,"May")-SUMIFS(Counts!$Z$2:$Z$2903,Counts!$B$2:$B$2903,$C$3,Counts!$F$2:$F$2903,"May"))/SUMIFS(Counts!$AA$2:$AA$2903,Counts!$B$2:$B$2903,$C$3,Counts!$F$2:$F$2903,"May"),"") -> -0.0089493908 | E13: =IFERROR((SUMIFS(Counts!$AB$2:$AB$2903,Counts!$B$2:$B$2903,$C$3,Counts!$F$2:$F$2903,"Jun")-SUMIFS(Counts!$Z$2:$Z$2903,Counts!$B$2:$B$2903,$C$3,Counts!$F$2:$F$2903,"Jun"))/SUMIFS(Counts!$AA$2:$AA$2903,Counts!$B$2:$B$2903,$C$3,Counts!$F$2:$F$2903,"Jun"),"") -> -0.018633625 | F13: =IFERROR((SUMIFS(Counts!$AB$2:$AB$2903,Counts!$B$2:$B$2903,$C$3,Counts!$F$2:$F$2903,"Jul")-SUMIFS(Counts!$Z$2:$Z$2903,Counts!$B$2:$B$2903,$C$3,Counts!$F$2:$F$2903,"Jul"))/SUMIFS(Counts!$AA$2:$AA$2903,Counts!$B$2:$B$2903,$C$3,Counts!$F$2:$F$2903,"Jul"),"") -> -0.0017403189 | G13: =IFERROR((SUMIFS(Counts!$AB$2:$AB$2903,Counts!$B$2:$B$2903,$C$3,Counts!$F$2:$F$2903,"Aug")-SUMIFS(Counts!$Z$2:$Z$2903,Counts!$B$2:$B$2903,$C$3,Counts!$F$2:$F$2903,"Aug"))/SUMIFS(Counts!$AA$2:$AA$2903,Counts!$B$2:$B$2903,$C$3,Counts!$F$2:$F$2903,"Aug"),"") -> -0.011497082 | H13: =IFERROR((SUMIFS(Counts!$AB$2:$AB$2903,Counts!$B$2:$B$2903,$C$3,Counts!$F$2:$F$2903,"Sep")-SUMIFS(Counts!$Z$2:$Z$2903,Counts!$B$2:$B$2903,$C$3,Counts!$F$2:$F$2903,"Sep"))/SUMIFS(Counts!$AA$2:$AA$2903,Counts!$B$2:$B$2903,$C$3,Counts!$F$2:$F$2903,"Sep"),"") -> -0.016120631 | I13: =IFERROR((SUMIFS(Counts!$AB$2:$AB$2903,Counts!$B$2:$B$2903,$C$3)-SUMIFS(Counts!$Z$2:$Z$2903,Counts!$B$2:$B$2903,$C$3))/SUMIFS(Counts!$AA$2:$AA$2903,Counts!$B$2:$B$2903,$C$3),"") -> -0.0071554455 | J13: =IFERROR((SUM(Counts!$AB$2:$AB$2903)-SUM(Counts!$Z$2:$Z$2903))/SUM(Counts!$AA$2:$AA$2903),"") -> -0.0019083801
B14: K% | C14: =IFERROR(SUMIFS(Counts!$Y$2:$Y$2903,Counts!$B$2:$B$2903,$C$3,Counts!$F$2:$F$2903,"Mar-Apr")/SUMIFS(Counts!$P$2:$P$2903,Counts!$B$2:$B$2903,$C$3,Counts!$F$2:$F$2903,"Mar-Apr"),"") -> 0.22921914 | D14: =IFERROR(SUMIFS(Counts!$Y$2:$Y$2903,Counts!$B$2:$B$2903,$C$3,Counts!$F$2:$F$2903,"May")/SUMIFS(Counts!$P$2:$P$2903,Counts!$B$2:$B$2903,$C$3,Counts!$F$2:$F$2903,"May"),"") -> 0.21091582 | E14: =IFERROR(SUMIFS(Counts!$Y$2:$Y$2903,Counts!$B$2:$B$2903,$C$3,Counts!$F$2:$F$2903,"Jun")/SUMIFS(Counts!$P$2:$P$2903,Counts!$B$2:$B$2903,$C$3,Counts!$F$2:$F$2903,"Jun"),"") -> 0.23732057 | F14: =IFERROR(SUMIFS(Counts!$Y$2:$Y$2903,Counts!$B$2:$B$2903,$C$3,Counts!$F$2:$F$2903,"Jul")/SUMIFS(Counts!$P$2:$P$2903,Counts!$B$2:$B$2903,$C$3,Counts!$F$2:$F$2903,"Jul"),"") -> 0.2341629 | G14: =IFERROR(SUMIFS(Counts!$Y$2:$Y$2903,Counts!$B$2:$B$2903,$C$3,Counts!$F$2:$F$2903,"Aug")/SUMIFS(Counts!$P$2:$P$2903,Counts!$B$2:$B$2903,$C$3,Counts!$F$2:$F$2903,"Aug"),"") -> 0.21663443 | H14: =IFERROR(SUMIFS(Counts!$Y$2:$Y$2903,Counts!$B$2:$B$2903,$C$3,Counts!$F$2:$F$2903,"Sep")/SUMIFS(Counts!$P$2:$P$2903,Counts!$B$2:$B$2903,$C$3,Counts!$F$2:$F$2903,"Sep"),"") -> 0.21661055 | I14: =IFERROR(SUMIFS(Counts!$Y$2:$Y$2903,Counts!$B$2:$B$2903,$C$3)/SUMIFS(Counts!$P$2:$P$2903,Counts!$B$2:$B$2903,$C$3),"") -> 0.22412667 | J14: =IFERROR(SUM(Counts!$Y$2:$Y$2903)/SUM(Counts!$P$2:$P$2903)/30,"") -> 0.0073792442
B15: BB% | C15: =IFERROR(SUMIFS(Counts!$V$2:$V$2903,Counts!$B$2:$B$2903,$C$3,Counts!$F$2:$F$2903,"Mar-Apr")/SUMIFS(Counts!$P$2:$P$2903,Counts!$B$2:$B$2903,$C$3,Counts!$F$2:$F$2903,"Mar-Apr"),"") -> 0.097397145 | D15: =IFERROR(SUMIFS(Counts!$V$2:$V$2903,Counts!$B$2:$B$2903,$C$3,Counts!$F$2:$F$2903,"May")/SUMIFS(Counts!$P$2:$P$2903,Counts!$B$2:$B$2903,$C$3,Counts!$F$2:$F$2903,"May"),"") -> 0.10175763 | E15: =IFERROR(SUMIFS(Counts!$V$2:$V$2903,Counts!$B$2:$B$2903,$C$3,Counts!$F$2:$F$2903,"Jun")/SUMIFS(Counts!$P$2:$P$2903,Counts!$B$2:$B$2903,$C$3,Counts!$F$2:$F$2903,"Jun"),"") -> 0.089952153 | F15: =IFERROR(SUMIFS(Counts!$V$2:$V$2903,Counts!$B$2:$B$2903,$C$3,Counts!$F$2:$F$2903,"Jul")/SUMIFS(Counts!$P$2:$P$2903,Counts!$B$2:$B$2903,$C$3,Counts!$F$2:$F$2903,"Jul"),"") -> 0.063348416 | G15: =IFERROR(SUMIFS(Counts!$V$2:$V$2903,Counts!$B$2:$B$2903,$C$3,Counts!$F$2:$F$2903,"Aug")/SUMIFS(Counts!$P$2:$P$2903,Counts!$B$2:$B$2903,$C$3,Counts!$F$2:$F$2903,"Aug"),"") -> 0.073500967 | H15: =IFERROR(SUMIFS(Counts!$V$2:$V$2903,Counts!$B$2:$B$2903,$C$3,Counts!$F$2:$F$2903,"Sep")/SUMIFS(Counts!$P$2:$P$2903,Counts!$B$2:$B$2903,$C$3,Counts!$F$2:$F$2903,"Sep"),"") -> 0.076318743 | I15: =IFERROR(SUMIFS(Counts!$V$2:$V$2903,Counts!$B$2:$B$2903,$C$3)/SUMIFS(Counts!$P$2:$P$2903,Counts!$B$2:$B$2903,$C$3),"") -> 0.084884101 | J15: =IFERROR(SUM(Counts!$V$2:$V$2903)/SUM(Counts!$P$2:$P$2903)/30,"") -> 0.0029620322
B16: Barrel% | C16: =IFERROR(SUMIFS(Counts!$AD$2:$AD$2903,Counts!$B$2:$B$2903,$C$3,Counts!$F$2:$F$2903,"Mar-Apr")/SUMIFS(Counts!$AC$2:$AC$2903,Counts!$B$2:$B$2903,$C$3,Counts!$F$2:$F$2903,"Mar-Apr"),"") -> 0.089308176 | D16: =IFERROR(SUMIFS(Counts!$AD$2:$AD$2903,Counts!$B$2:$B$2903,$C$3,Counts!$F$2:$F$2903,"May")/SUMIFS(Counts!$AC$2:$AC$2903,Counts!$B$2:$B$2903,$C$3,Counts!$F$2:$F$2903,"May"),"") -> 0.077028886 | E16: =IFERROR(SUMIFS(Counts!$AD$2:$AD$2903,Counts!$B$2:$B$2903,$C$3,Counts!$F$2:$F$2903,"Jun")/SUMIFS(Counts!$AC$2:$AC$2903,Counts!$B$2:$B$2903,$C$3,Counts!$F$2:$F$2903,"Jun"),"") -> 0.082251082 | F16: =IFERROR(SUMIFS(Counts!$AD$2:$AD$2903,Counts!$B$2:$B$2903,$C$3,Counts!$F$2:$F$2903,"Jul")/SUMIFS(Counts!$AC$2:$AC$2903,Counts!$B$2:$B$2903,$C$3,Counts!$F$2:$F$2903,"Jul"),"") -> 0.058043118 | G16: =IFERROR(SUMIFS(Counts!$AD$2:$AD$2903,Counts!$B$2:$B$2903,$C$3,Counts!$F$2:$F$2903,"Aug")/SUMIFS(Counts!$AC$2:$AC$2903,Counts!$B$2:$B$2903,$C$3,Counts!$F$2:$F$2903,"Aug"),"") -> 0.066481994 | H16: =IFERROR(SUMIFS(Counts!$AD$2:$AD$2903,Counts!$B$2:$B$2903,$C$3,Counts!$F$2:$F$2903,"Sep")/SUMIFS(Counts!$AC$2:$AC$2903,Counts!$B$2:$B$2903,$C$3,Counts!$F$2:$F$2903,"Sep"),"") -> 0.06763285 | I16: =IFERROR(SUMIFS(Counts!$AD$2:$AD$2903,Counts!$B$2:$B$2903,$C$3)/SUMIFS(Counts!$AC$2:$AC$2903,Counts!$B$2:$B$2903,$C$3),"") -> 0.074260995 | J16: =IFERROR(SUM(Counts!$AD$2:$AD$2903)/SUM(Counts!$AC$2:$AC$2903),"") -> 0.076726774
B17: HardHit% | C17: =IFERROR(SUMIFS(Counts!$AE$2:$AE$2903,Counts!$B$2:$B$2903,$C$3,Counts!$F$2:$F$2903,"Mar-Apr")/SUMIFS(Counts!$AC$2:$AC$2903,Counts!$B$2:$B$2903,$C$3,Counts!$F$2:$F$2903,"Mar-Apr"),"") -> 0.43018868 | D17: =IFERROR(SUMIFS(Counts!$AE$2:$AE$2903,Counts!$B$2:$B$2903,$C$3,Counts!$F$2:$F$2903,"May")/SUMIFS(Counts!$AC$2:$AC$2903,Counts!$B$2:$B$2903,$C$3,Counts!$F$2:$F$2903,"May"),"") -> 0.38101788 | E17: =IFERROR(SUMIFS(Counts!$AE$2:$AE$2903,Counts!$B$2:$B$2903,$C$3,Counts!$F$2:$F$2903,"Jun")/SUMIFS(Counts!$AC$2:$AC$2903,Counts!$B$2:$B$2903,$C$3,Counts!$F$2:$F$2903,"Jun"),"") -> 0.39393939 | F17: =IFERROR(SUMIFS(Counts!$AE$2:$AE$2903,Counts!$B$2:$B$2903,$C$3,Counts!$F$2:$F$2903,"Jul")/SUMIFS(Counts!$AC$2:$AC$2903,Counts!$B$2:$B$2903,$C$3,Counts!$F$2:$F$2903,"Jul"),"") -> 0.39137645 | G17: =IFERROR(SUMIFS(Counts!$AE$2:$AE$2903,Counts!$B$2:$B$2903,$C$3,Counts!$F$2:$F$2903,"Aug")/SUMIFS(Counts!$AC$2:$AC$2903,Counts!$B$2:$B$2903,$C$3,Counts!$F$2:$F$2903,"Aug"),"") -> 0.3601108 | H17: =IFERROR(SUMIFS(Counts!$AE$2:$AE$2903,Counts!$B$2:$B$2903,$C$3,Counts!$F$2:$F$2903,"Sep")/SUMIFS(Counts!$AC$2:$AC$2903,Counts!$B$2:$B$2903,$C$3,Counts!$F$2:$F$2903,"Sep"),"") -> 0.34299517 | I17: =IFERROR(SUMIFS(Counts!$AE$2:$AE$2903,Counts!$B$2:$B$2903,$C$3)/SUMIFS(Counts!$AC$2:$AC$2903,Counts!$B$2:$B$2903,$C$3),"") -> 0.38476328 | J17: =IFERROR(SUM(Counts!$AE$2:$AE$2903)/SUM(Counts!$AC$2:$AC$2903),"") -> 0.38557591
B18: Avg EV | C18: =IFERROR(SUMIFS(Counts!$AG$2:$AG$2903,Counts!$B$2:$B$2903,$C$3,Counts!$F$2:$F$2903,"Mar-Apr")/SUMIFS(Counts!$AF$2:$AF$2903,Counts!$B$2:$B$2903,$C$3,Counts!$F$2:$F$2903,"Mar-Apr"),"") -> 89.055752 | D18: =IFERROR(SUMIFS(Counts!$AG$2:$AG$2903,Counts!$B$2:$B$2903,$C$3,Counts!$F$2:$F$2903,"May")/SUMIFS(Counts!$AF$2:$AF$2903,Counts!$B$2:$B$2903,$C$3,Counts!$F$2:$F$2903,"May"),"") -> 88.125069 | E18: =IFERROR(SUMIFS(Counts!$AG$2:$AG$2903,Counts!$B$2:$B$2903,$C$3,Counts!$F$2:$F$2903,"Jun")/SUMIFS(Counts!$AF$2:$AF$2903,Counts!$B$2:$B$2903,$C$3,Counts!$F$2:$F$2903,"Jun"),"") -> 88.804197 | F18: =IFERROR(SUMIFS(Counts!$AG$2:$AG$2903,Counts!$B$2:$B$2903,$C$3,Counts!$F$2:$F$2903,"Jul")/SUMIFS(Counts!$AF$2:$AF$2903,Counts!$B$2:$B$2903,$C$3,Counts!$F$2:$F$2903,"Jul"),"") -> 87.301824 | G18: =IFERROR(SUMIFS(Counts!$AG$2:$AG$2903,Counts!$B$2:$B$2903,$C$3,Counts!$F$2:$F$2903,"Aug")/SUMIFS(Counts!$AF$2:$AF$2903,Counts!$B$2:$B$2903,$C$3,Counts!$F$2:$F$2903,"Aug"),"") -> 87.760556 | H18: =IFERROR(SUMIFS(Counts!$AG$2:$AG$2903,Counts!$B$2:$B$2903,$C$3,Counts!$F$2:$F$2903,"Sep")/SUMIFS(Counts!$AF$2:$AF$2903,Counts!$B$2:$B$2903,$C$3,Counts!$F$2:$F$2903,"Sep"),"") -> 87.045396 | I18: =IFERROR(SUMIFS(Counts!$AG$2:$AG$2903,Counts!$B$2:$B$2903,$C$3)/SUMIFS(Counts!$AF$2:$AF$2903,Counts!$B$2:$B$2903,$C$3),"") -> 88.071587 | J18: =IFERROR(SUM(Counts!$AG$2:$AG$2903)/SUM(Counts!$AF$2:$AF$2903),"") -> 88.032882
B19: SweetSpot% | C19: =IFERROR(SUMIFS(Counts!$AH$2:$AH$2903,Counts!$B$2:$B$2903,$C$3,Counts!$F$2:$F$2903,"Mar-Apr")/SUMIFS(Counts!$AC$2:$AC$2903,Counts!$B$2:$B$2903,$C$3,Counts!$F$2:$F$2903,"Mar-Apr"),"") -> 0.34968553 | D19: =IFERROR(SUMIFS(Counts!$AH$2:$AH$2903,Counts!$B$2:$B$2903,$C$3,Counts!$F$2:$F$2903,"May")/SUMIFS(Counts!$AC$2:$AC$2903,Counts!$B$2:$B$2903,$C$3,Counts!$F$2:$F$2903,"May"),"") -> 0.3301238 | E19: =IFERROR(SUMIFS(Counts!$AH$2:$AH$2903,Counts!$B$2:$B$2903,$C$3,Counts!$F$2:$F$2903,"Jun")/SUMIFS(Counts!$AC$2:$AC$2903,Counts!$B$2:$B$2903,$C$3,Counts!$F$2:$F$2903,"Jun"),"") -> 0.35064935 | F19: =IFERROR(SUMIFS(Counts!$AH$2:$AH$2903,Counts!$B$2:$B$2903,$C$3,Counts!$F$2:$F$2903,"Jul")/SUMIFS(Counts!$AC$2:$AC$2903,Counts!$B$2:$B$2903,$C$3,Counts!$F$2:$F$2903,"Jul"),"") -> 0.33996683 | G19: =IFERROR(SUMIFS(Counts!$AH$2:$AH$2903,Counts!$B$2:$B$2903,$C$3,Counts!$F$2:$F$2903,"Aug")/SUMIFS(Counts!$AC$2:$AC$2903,Counts!$B$2:$B$2903,$C$3,Counts!$F$2:$F$2903,"Aug"),"") -> 0.35457064 | H19: =IFERROR(SUMIFS(Counts!$AH$2:$AH$2903,Counts!$B$2:$B$2903,$C$3,Counts!$F$2:$F$2903,"Sep")/SUMIFS(Counts!$AC$2:$AC$2903,Counts!$B$2:$B$2903,$C$3,Counts!$F$2:$F$2903,"Sep"),"") -> 0.33011272 | I19: =IFERROR(SUMIFS(Counts!$AH$2:$AH$2903,Counts!$B$2:$B$2903,$C$3)/SUMIFS(Counts!$AC$2:$AC$2903,Counts!$B$2:$B$2903,$C$3),"") -> 0.34294641 | J19: =IFERROR(SUM(Counts!$AH$2:$AH$2903)/SUM(Counts!$AC$2:$AC$2903),"") -> 0.35066728
B20: Chase% | C20: =IFERROR(SUMIFS(Counts!$N$2:$N$2903,Counts!$B$2:$B$2903,$C$3,Counts!$F$2:$F$2903,"Mar-Apr")/SUMIFS(Counts!$M$2:$M$2903,Counts!$B$2:$B$2903,$C$3,Counts!$F$2:$F$2903,"Mar-Apr"),"") -> 0.31218698 | D20: =IFERROR(SUMIFS(Counts!$N$2:$N$2903,Counts!$B$2:$B$2903,$C$3,Counts!$F$2:$F$2903,"May")/SUMIFS(Counts!$M$2:$M$2903,Counts!$B$2:$B$2903,$C$3,Counts!$F$2:$F$2903,"May"),"") -> 0.27531498 | E20: =IFERROR(SUMIFS(Counts!$N$2:$N$2903,Counts!$B$2:$B$2903,$C$3,Counts!$F$2:$F$2903,"Jun")/SUMIFS(Counts!$M$2:$M$2903,Counts!$B$2:$B$2903,$C$3,Counts!$F$2:$F$2903,"Jun"),"") -> 0.29301205 | F20: =IFERROR(SUMIFS(Counts!$N$2:$N$2903,Counts!$B$2:$B$2903,$C$3,Counts!$F$2:$F$2903,"Jul")/SUMIFS(Counts!$M$2:$M$2903,Counts!$B$2:$B$2903,$C$3,Counts!$F$2:$F$2903,"Jul"),"") -> 0.33851468 | G20: =IFERROR(SUMIFS(Counts!$N$2:$N$2903,Counts!$B$2:$B$2903,$C$3,Counts!$F$2:$F$2903,"Aug")/SUMIFS(Counts!$M$2:$M$2903,Counts!$B$2:$B$2903,$C$3,Counts!$F$2:$F$2903,"Aug"),"") -> 0.32352941 | H20: =IFERROR(SUMIFS(Counts!$N$2:$N$2903,Counts!$B$2:$B$2903,$C$3,Counts!$F$2:$F$2903,"Sep")/SUMIFS(Counts!$M$2:$M$2903,Counts!$B$2:$B$2903,$C$3,Counts!$F$2:$F$2903,"Sep"),"") -> 0.31896552 | I20: =IFERROR(SUMIFS(Counts!$N$2:$N$2903,Counts!$B$2:$B$2903,$C$3)/SUMIFS(Counts!$M$2:$M$2903,Counts!$B$2:$B$2903,$C$3),"") -> 0.30904295 | J20: =IFERROR(SUM(Counts!$N$2:$N$2903)/SUM(Counts!$M$2:$M$2903),"") -> 0.30467675
B21: Z-Swing% | C21: =IFERROR(SUMIFS(Counts!$K$2:$K$2903,Counts!$B$2:$B$2903,$C$3,Counts!$F$2:$F$2903,"Mar-Apr")/SUMIFS(Counts!$J$2:$J$2903,Counts!$B$2:$B$2903,$C$3,Counts!$F$2:$F$2903,"Mar-Apr"),"") -> 0.69822485 | D21: =IFERROR(SUMIFS(Counts!$K$2:$K$2903,Counts!$B$2:$B$2903,$C$3,Counts!$F$2:$F$2903,"May")/SUMIFS(Counts!$J$2:$J$2903,Counts!$B$2:$B$2903,$C$3,Counts!$F$2:$F$2903,"May"),"") -> 0.68828452 | E21: =IFERROR(SUMIFS(Counts!$K$2:$K$2903,Counts!$B$2:$B$2903,$C$3,Counts!$F$2:$F$2903,"Jun")/SUMIFS(Counts!$J$2:$J$2903,Counts!$B$2:$B$2903,$C$3,Counts!$F$2:$F$2903,"Jun"),"") -> 0.71413829 | F21: =IFERROR(SUMIFS(Counts!$K$2:$K$2903,Counts!$B$2:$B$2903,$C$3,Counts!$F$2:$F$2903,"Jul")/SUMIFS(Counts!$J$2:$J$2903,Counts!$B$2:$B$2903,$C$3,Counts!$F$2:$F$2903,"Jul"),"") -> 0.70762445 | G21: =IFERROR(SUMIFS(Counts!$K$2:$K$2903,Counts!$B$2:$B$2903,$C$3,Counts!$F$2:$F$2903,"Aug")/SUMIFS(Counts!$J$2:$J$2903,Counts!$B$2:$B$2903,$C$3,Counts!$F$2:$F$2903,"Aug"),"") -> 0.70924639 | H21: =IFERROR(SUMIFS(Counts!$K$2:$K$2903,Counts!$B$2:$B$2903,$C$3,Counts!$F$2:$F$2903,"Sep")/SUMIFS(Counts!$J$2:$J$2903,Counts!$B$2:$B$2903,$C$3,Counts!$F$2:$F$2903,"Sep"),"") -> 0.7008245 | I21: =IFERROR(SUMIFS(Counts!$K$2:$K$2903,Counts!$B$2:$B$2903,$C$3)/SUMIFS(Counts!$J$2:$J$2903,Counts!$B$2:$B$2903,$C$3),"") -> 0.70284745 | J21: =IFERROR(SUM(Counts!$K$2:$K$2903)/SUM(Counts!$J$2:$J$2903),"") -> 0.66724443
B22: Whiff% | C22: =IFERROR(SUMIFS(Counts!$I$2:$I$2903,Counts!$B$2:$B$2903,$C$3,Counts!$F$2:$F$2903,"Mar-Apr")/SUMIFS(Counts!$H$2:$H$2903,Counts!$B$2:$B$2903,$C$3,Counts!$F$2:$F$2903,"Mar-Apr"),"") -> 0.23794917 | D22: =IFERROR(SUMIFS(Counts!$I$2:$I$2903,Counts!$B$2:$B$2903,$C$3,Counts!$F$2:$F$2903,"May")/SUMIFS(Counts!$H$2:$H$2903,Counts!$B$2:$B$2903,$C$3,Counts!$F$2:$F$2903,"May"),"") -> 0.24449108 | E22: =IFERROR(SUMIFS(Counts!$I$2:$I$2903,Counts!$B$2:$B$2903,$C$3,Counts!$F$2:$F$2903,"Jun")/SUMIFS(Counts!$H$2:$H$2903,Counts!$B$2:$B$2903,$C$3,Counts!$F$2:$F$2903,"Jun"),"") -> 0.25287356 | F22: =IFERROR(SUMIFS(Counts!$I$2:$I$2903,Counts!$B$2:$B$2903,$C$3,Counts!$F$2:$F$2903,"Jul")/SUMIFS(Counts!$H$2:$H$2903,Counts!$B$2:$B$2903,$C$3,Counts!$F$2:$F$2903,"Jul"),"") -> 0.22488318 | G22: =IFERROR(SUMIFS(Counts!$I$2:$I$2903,Counts!$B$2:$B$2903,$C$3,Counts!$F$2:$F$2903,"Aug")/SUMIFS(Counts!$H$2:$H$2903,Counts!$B$2:$B$2903,$C$3,Counts!$F$2:$F$2903,"Aug"),"") -> 0.24308002 | H22: =IFERROR(SUMIFS(Counts!$I$2:$I$2903,Counts!$B$2:$B$2903,$C$3,Counts!$F$2:$F$2903,"Sep")/SUMIFS(Counts!$H$2:$H$2903,Counts!$B$2:$B$2903,$C$3,Counts!$F$2:$F$2903,"Sep"),"") -> 0.22636103 | I22: =IFERROR(SUMIFS(Counts!$I$2:$I$2903,Counts!$B$2:$B$2903,$C$3)/SUMIFS(Counts!$H$2:$H$2903,Counts!$B$2:$B$2903,$C$3),"") -> 0.2388034 | J22: =IFERROR(SUM(Counts!$I$2:$I$2903)/SUM(Counts!$H$2:$H$2903),"") -> 0.228623
B23: Z-Contact% | C23: =IFERROR(1-SUMIFS(Counts!$L$2:$L$2903,Counts!$B$2:$B$2903,$C$3,Counts!$F$2:$F$2903,"Mar-Apr")/SUMIFS(Counts!$K$2:$K$2903,Counts!$B$2:$B$2903,$C$3,Counts!$F$2:$F$2903,"Mar-Apr"),"") -> 0.85136897 | D23: =IFERROR(1-SUMIFS(Counts!$L$2:$L$2903,Counts!$B$2:$B$2903,$C$3,Counts!$F$2:$F$2903,"May")/SUMIFS(Counts!$K$2:$K$2903,Counts!$B$2:$B$2903,$C$3,Counts!$F$2:$F$2903,"May"),"") -> 0.84650456 | E23: =IFERROR(1-SUMIFS(Counts!$L$2:$L$2903,Counts!$B$2:$B$2903,$C$3,Counts!$F$2:$F$2903,"Jun")/SUMIFS(Counts!$K$2:$K$2903,Counts!$B$2:$B$2903,$C$3,Counts!$F$2:$F$2903,"Jun"),"") -> 0.83381503 | F23: =IFERROR(1-SUMIFS(Counts!$L$2:$L$2903,Counts!$B$2:$B$2903,$C$3,Counts!$F$2:$F$2903,"Jul")/SUMIFS(Counts!$K$2:$K$2903,Counts!$B$2:$B$2903,$C$3,Counts!$F$2:$F$2903,"Jul"),"") -> 0.8539626 | G23: =IFERROR(1-SUMIFS(Counts!$L$2:$L$2903,Counts!$B$2:$B$2903,$C$3,Counts!$F$2:$F$2903,"Aug")/SUMIFS(Counts!$K$2:$K$2903,Counts!$B$2:$B$2903,$C$3,Counts!$F$2:$F$2903,"Aug"),"") -> 0.85380558 | H23: =IFERROR(1-SUMIFS(Counts!$L$2:$L$2903,Counts!$B$2:$B$2903,$C$3,Counts!$F$2:$F$2903,"Sep")/SUMIFS(Counts!$K$2:$K$2903,Counts!$B$2:$B$2903,$C$3,Counts!$F$2:$F$2903,"Sep"),"") -> 0.85798319 | I23: =IFERROR(1-SUMIFS(Counts!$L$2:$L$2903,Counts!$B$2:$B$2903,$C$3)/SUMIFS(Counts!$K$2:$K$2903,Counts!$B$2:$B$2903,$C$3),"") -> 0.8492507 | J23: =IFERROR(1-SUM(Counts!$L$2:$L$2903)/SUM(Counts!$K$2:$K$2903),"") -> 0.86067964
B24: Bat Speed | C24: =IFERROR(SUMIFS(Counts!$AJ$2:$AJ$2903,Counts!$B$2:$B$2903,$C$3,Counts!$F$2:$F$2903,"Mar-Apr")/SUMIFS(Counts!$AI$2:$AI$2903,Counts!$B$2:$B$2903,$C$3,Counts!$F$2:$F$2903,"Mar-Apr"),"") -> 72.406032 | D24: =IFERROR(SUMIFS(Counts!$AJ$2:$AJ$2903,Counts!$B$2:$B$2903,$C$3,Counts!$F$2:$F$2903,"May")/SUMIFS(Counts!$AI$2:$AI$2903,Counts!$B$2:$B$2903,$C$3,Counts!$F$2:$F$2903,"May"),"") -> 73.014432 | E24: =IFERROR(SUMIFS(Counts!$AJ$2:$AJ$2903,Counts!$B$2:$B$2903,$C$3,Counts!$F$2:$F$2903,"Jun")/SUMIFS(Counts!$AI$2:$AI$2903,Counts!$B$2:$B$2903,$C$3,Counts!$F$2:$F$2903,"Jun"),"") -> 73.620757 | F24: =IFERROR(SUMIFS(Counts!$AJ$2:$AJ$2903,Counts!$B$2:$B$2903,$C$3,Counts!$F$2:$F$2903,"Jul")/SUMIFS(Counts!$AI$2:$AI$2903,Counts!$B$2:$B$2903,$C$3,Counts!$F$2:$F$2903,"Jul"),"") -> 71.892777 | G24: =IFERROR(SUMIFS(Counts!$AJ$2:$AJ$2903,Counts!$B$2:$B$2903,$C$3,Counts!$F$2:$F$2903,"Aug")/SUMIFS(Counts!$AI$2:$AI$2903,Counts!$B$2:$B$2903,$C$3,Counts!$F$2:$F$2903,"Aug"),"") -> 71.754577 | H24: =IFERROR(SUMIFS(Counts!$AJ$2:$AJ$2903,Counts!$B$2:$B$2903,$C$3,Counts!$F$2:$F$2903,"Sep")/SUMIFS(Counts!$AI$2:$AI$2903,Counts!$B$2:$B$2903,$C$3,Counts!$F$2:$F$2903,"Sep"),"") -> 71.723177 | I24: =IFERROR(SUMIFS(Counts!$AJ$2:$AJ$2903,Counts!$B$2:$B$2903,$C$3)/SUMIFS(Counts!$AI$2:$AI$2903,Counts!$B$2:$B$2903,$C$3),"") -> 72.376617 | J24: =IFERROR(SUM(Counts!$AJ$2:$AJ$2903)/SUM(Counts!$AI$2:$AI$2903),"") -> 72.092416
B25: Fast-Swing% | C25: =IFERROR(SUMIFS(Counts!$AK$2:$AK$2903,Counts!$B$2:$B$2903,$C$3,Counts!$F$2:$F$2903,"Mar-Apr")/SUMIFS(Counts!$AI$2:$AI$2903,Counts!$B$2:$B$2903,$C$3,Counts!$F$2:$F$2903,"Mar-Apr"),"") -> 0.35842473 | D25: =IFERROR(SUMIFS(Counts!$AK$2:$AK$2903,Counts!$B$2:$B$2903,$C$3,Counts!$F$2:$F$2903,"May")/SUMIFS(Counts!$AI$2:$AI$2903,Counts!$B$2:$B$2903,$C$3,Counts!$F$2:$F$2903,"May"),"") -> 0.37402285 | E25: =IFERROR(SUMIFS(Counts!$AK$2:$AK$2903,Counts!$B$2:$B$2903,$C$3,Counts!$F$2:$F$2903,"Jun")/SUMIFS(Counts!$AI$2:$AI$2903,Counts!$B$2:$B$2903,$C$3,Counts!$F$2:$F$2903,"Jun"),"") -> 0.42753095 | F25: =IFERROR(SUMIFS(Counts!$AK$2:$AK$2903,Counts!$B$2:$B$2903,$C$3,Counts!$F$2:$F$2903,"Jul")/SUMIFS(Counts!$AI$2:$AI$2903,Counts!$B$2:$B$2903,$C$3,Counts!$F$2:$F$2903,"Jul"),"") -> 0.30072226 | G25: =IFERROR(SUMIFS(Counts!$AK$2:$AK$2903,Counts!$B$2:$B$2903,$C$3,Counts!$F$2:$F$2903,"Aug")/SUMIFS(Counts!$AI$2:$AI$2903,Counts!$B$2:$B$2903,$C$3,Counts!$F$2:$F$2903,"Aug"),"") -> 0.26029748 | H25: =IFERROR(SUMIFS(Counts!$AK$2:$AK$2903,Counts!$B$2:$B$2903,$C$3,Counts!$F$2:$F$2903,"Sep")/SUMIFS(Counts!$AI$2:$AI$2903,Counts!$B$2:$B$2903,$C$3,Counts!$F$2:$F$2903,"Sep"),"") -> 0.24739583 | I25: =IFERROR(SUMIFS(Counts!$AK$2:$AK$2903,Counts!$B$2:$B$2903,$C$3)/SUMIFS(Counts!$AI$2:$AI$2903,Counts!$B$2:$B$2903,$C$3),"") -> 0.32703828 | J25: =IFERROR(SUM(Counts!$AK$2:$AK$2903)/SUM(Counts!$AI$2:$AI$2903),"") -> 0.27079814
B26: Run Value | C26: =IFERROR(SUMIFS(Counts!$O$2:$O$2903,Counts!$B$2:$B$2903,$C$3,Counts!$F$2:$F$2903,"Mar-Apr"),"") -> -6.082 | D26: =IFERROR(SUMIFS(Counts!$O$2:$O$2903,Counts!$B$2:$B$2903,$C$3,Counts!$F$2:$F$2903,"May"),"") -> 0.392 | E26: =IFERROR(SUMIFS(Counts!$O$2:$O$2903,Counts!$B$2:$B$2903,$C$3,Counts!$F$2:$F$2903,"Jun"),"") -> 18.667 | F26: =IFERROR(SUMIFS(Counts!$O$2:$O$2903,Counts!$B$2:$B$2903,$C$3,Counts!$F$2:$F$2903,"Jul"),"") -> -16.252 | G26: =IFERROR(SUMIFS(Counts!$O$2:$O$2903,Counts!$B$2:$B$2903,$C$3,Counts!$F$2:$F$2903,"Aug"),"") -> -11.873 | H26: =IFERROR(SUMIFS(Counts!$O$2:$O$2903,Counts!$B$2:$B$2903,$C$3,Counts!$F$2:$F$2903,"Sep"),"") -> 7.09 | I26: =IFERROR(SUMIFS(Counts!$O$2:$O$2903,Counts!$B$2:$B$2903,$C$3),"") -> -8.058 | J26: =IFERROR(SUM(Counts!$O$2:$O$2903)/30,"") -> 2.0487333
B28: MLB column: league season rates; PA, HR and Run Value shown per team (league total / 30).

Sheet Trend Grid
B2: Trend Grid
B3: Team: | C3: ATH | E3: Hitters with 50+ PA for the team, by PA. Gold = better than the group, navy = worse (Chase%: gold = more disciplined). Blank = under the monthly PA minimum on the Guide tab.
B5: xwOBA
B6: Hitter | C6: Mar-Apr | D6: May | E6: Jun | F6: Jul | G6: Aug | H6: Sep | I6: Season
B7: =IF(1<=COUNTIF(Lists!$F$1:$F$556,$C$3),INDEX(Lists!$G$1:$G$556,MATCH($C$3,Lists!$F$1:$F$556,0)+0),"") -> Lawrence Butler | C7: =IF($B7="","",IF(SUMIFS(Counts!$P$2:$P$2903,Counts!$B$2:$B$2903,$C$3,Counts!$C$2:$C$2903,$B7,Counts!$F$2:$F$2903,"Mar-Apr")<Guide!$C$25,"",IFERROR(SUMIFS(Counts!$AB$2:$AB$2903,Counts!$B$2:$B$2903,$C$3,Counts!$C$2:$C$2903,$B7,Counts!$F$2:$F$2903,"Mar-Apr")/SUMIFS(Counts!$AA$2:$AA$2903,Counts!$B$2:$B$2903,$C$3,Counts!$C$2:$C$2903,$B7,Counts!$F$2:$F$2903,"Mar-Apr"),""))) -> 0.30085577 | D7: =IF($B7="","",IF(SUMIFS(Counts!$P$2:$P$2903,Counts!$B$2:$B$2903,$C$3,Counts!$C$2:$C$2903,$B7,Counts!$F$2:$F$2903,"May")<Guide!$C$25,"",IFERROR(SUMIFS(Counts!$AB$2:$AB$2903,Counts!$B$2:$B$2903,$C$3,Counts!$C$2:$C$2903,$B7,Counts!$F$2:$F$2903,"May")/SUMIFS(Counts!$AA$2:$AA$2903,Counts!$B$2:$B$2903,$C$3,Counts!$C$2:$C$2903,$B7,Counts!$F$2:$F$2903,"May"),""))) -> 0.28949153 | E7: =IF($B7="","",IF(SUMIFS(Counts!$P$2:$P$2903,Counts!$B$2:$B$2903,$C$3,Counts!$C$2:$C$2903,$B7,Counts!$F$2:$F$2903,"Jun")<Guide!$C$25,"",IFERROR(SUMIFS(Counts!$AB$2:$AB$2903,Counts!$B$2:$B$2903,$C$3,Counts!$C$2:$C$2903,$B7,Counts!$F$2:$F$2903,"Jun")/SUMIFS(Counts!$AA$2:$AA$2903,Counts!$B$2:$B$2903,$C$3,Counts!$C$2:$C$2903,$B7,Counts!$F$2:$F$2903,"Jun"),""))) -> 0.33995714 | F7: =IF($B7="","",IF(SUMIFS(Counts!$P$2:$P$2903,Counts!$B$2:$B$2903,$C$3,Counts!$C$2:$C$2903,$B7,Counts!$F$2:$F$2903,"Jul")<Guide!$C$25,"",IFERROR(SUMIFS(Counts!$AB$2:$AB$2903,Counts!$B$2:$B$2903,$C$3,Counts!$C$2:$C$2903,$B7,Counts!$F$2:$F$2903,"Jul")/SUMIFS(Counts!$AA$2:$AA$2903,Counts!$B$2:$B$2903,$C$3,Counts!$C$2:$C$2903,$B7,Counts!$F$2:$F$2903,"Jul"),""))) -> 0.30909756 | G7: =IF($B7="","",IF(SUMIFS(Counts!$P$2:$P$2903,Counts!$B$2:$B$2903,$C$3,Counts!$C$2:$C$2903,$B7,Counts!$F$2:$F$2903,"Aug")<Guide!$C$25,"",IFERROR(SUMIFS(Counts!$AB$2:$AB$2903,Counts!$B$2:$B$2903,$C$3,Counts!$C$2:$C$2903,$B7,Counts!$F$2:$F$2903,"Aug")/SUMIFS(Counts!$AA$2:$AA$2903,Counts!$B$2:$B$2903,$C$3,Counts!$C$2:$C$2903,$B7,Counts!$F$2:$F$2903,"Aug"),""))) -> 0.34437069 | H7: =IF($B7="","",IF(SUMIFS(Counts!$P$2:$P$2903,Counts!$B$2:$B$2903,$C$3,Counts!$C$2:$C$2903,$B7,Counts!$F$2:$F$2903,"Sep")<Guide!$C$25,"",IFERROR(SUMIFS(Counts!$AB$2:$AB$2903,Counts!$B$2:$B$2903,$C$3,Counts!$C$2:$C$2903,$B7,Counts!$F$2:$F$2903,"Sep")/SUMIFS(Counts!$AA$2:$AA$2903,Counts!$B$2:$B$2903,$C$3,Counts!$C$2:$C$2903,$B7,Counts!$F$2:$F$2903,"Sep"),""))) -> 0.35547573 | I7: =IF($B7="","",IFERROR(SUMIFS(Counts!$AB$2:$AB$2903,Counts!$B$2:$B$2903,$C$3,Counts!$C$2:$C$2903,$B7)/SUMIFS(Counts!$AA$2:$AA$2903,Counts!$B$2:$B$2903,$C$3,Counts!$C$2:$C$2903,$B7),"")) -> 0.3259794
B8: =IF(2<=COUNTIF(Lists!$F$1:$F$556,$C$3),INDEX(Lists!$G$1:$G$556,MATCH($C$3,Lists!$F$1:$F$556,0)+1),"") -> Jeff McNeil | C8: =IF($B8="","",IF(SUMIFS(Counts!$P$2:$P$2903,Counts!$B$2:$B$2903,$C$3,Counts!$C$2:$C$2903,$B8,Counts!$F$2:$F$2903,"Mar-Apr")<Guide!$C$25,"",IFERROR(SUMIFS(Counts!$AB$2:$AB$2903,Counts!$B$2:$B$2903,$C$3,Counts!$C$2:$C$2903,$B8,Counts!$F$2:$F$2903,"Mar-Apr")/SUMIFS(Counts!$AA$2:$AA$2903,Counts!$B$2:$B$2903,$C$3,Counts!$C$2:$C$2903,$B8,Counts!$F$2:$F$2903,"Mar-Apr"),""))) -> 0.33822115 | D8: =IF($B8="","",IF(SUMIFS(Counts!$P$2:$P$2903,Counts!$B$2:$B$2903,$C$3,Counts!$C$2:$C$2903,$B8,Counts!$F$2:$F$2903,"May")<Guide!$C$25,"",IFERROR(SUMIFS(Counts!$AB$2:$AB$2903,Counts!$B$2:$B$2903,$C$3,Counts!$C$2:$C$2903,$B8,Counts!$F$2:$F$2903,"May")/SUMIFS(Counts!$AA$2:$AA$2903,Counts!$B$2:$B$2903,$C$3,Counts!$C$2:$C$2903,$B8,Counts!$F$2:$F$2903,"May"),""))) -> 0.28090625 | E8: =IF($B8="","",IF(SUMIFS(Counts!$P$2:$P$2903,Counts!$B$2:$B$2903,$C$3,Counts!$C$2:$C$2903,$B8,Counts!$F$2:$F$2903,"Jun")<Guide!$C$25,"",IFERROR(SUMIFS(Counts!$AB$2:$AB$2903,Counts!$B$2:$B$2903,$C$3,Counts!$C$2:$C$2903,$B8,Counts!$F$2:$F$2903,"Jun")/SUMIFS(Counts!$AA$2:$AA$2903,Counts!$B$2:$B$2903,$C$3,Counts!$C$2:$C$2903,$B8,Counts!$F$2:$F$2903,"Jun"),""))) -> 0.27455714 | F8: =IF($B8="","",IF(SUMIFS(Counts!$P$2:$P$2903,Counts!$B$2:$B$2903,$C$3,Counts!$C$2:$C$2903,$B8,Counts!$F$2:$F$2903,"Jul")<Guide!$C$25,"",IFERROR(SUMIFS(Counts!$AB$2:$AB$2903,Counts!$B$2:$B$2903,$C$3,Counts!$C$2:$C$2903,$B8,Counts!$F$2:$F$2903,"Jul")/SUMIFS(Counts!$AA$2:$AA$2903,Counts!$B$2:$B$2903,$C$3,Counts!$C$2:$C$2903,$B8,Counts!$F$2:$F$2903,"Jul"),""))) -> 0.31130508 | G8: =IF($B8="","",IF(SUMIFS(Counts!$P$2:$P$2903,Counts!$B$2:$B$2903,$C$3,Counts!$C$2:$C$2903,$B8,Counts!$F$2:$F$2903,"Aug")<Guide!$C$25,"",IFERROR(SUMIFS(Counts!$AB$2:$AB$2903,Counts!$B$2:$B$2903,$C$3,Counts!$C$2:$C$2903,$B8,Counts!$F$2:$F$2903,"Aug")/SUMIFS(Counts!$AA$2:$AA$2903,Counts!$B$2:$B$2903,$C$3,Counts!$C$2:$C$2903,$B8,Counts!$F$2:$F$2903,"Aug"),""))) -> 0.32433684 | H8: =IF($B8="","",IF(SUMIFS(Counts!$P$2:$P$2903,Counts!$B$2:$B$2903,$C$3,Counts!$C$2:$C$2903,$B8,Counts!$F$2:$F$2903,"Sep")<Guide!$C$25,"",IFERROR(SUMIFS(Counts!$AB$2:$AB$2903,Counts!$B$2:$B$2903,$C$3,Counts!$C$2:$C$2903,$B8,Counts!$F$2:$F$2903,"Sep")/SUMIFS(Counts!$AA$2:$AA$2903,Counts!$B$2:$B$2903,$C$3,Counts!$C$2:$C$2903,$B8,Counts!$F$2:$F$2903,"Sep"),""))) -> 0.26255914 | I8: =IF($B8="","",IFERROR(SUMIFS(Counts!$AB$2:$AB$2903,Counts!$B$2:$B$2903,$C$3,Counts!$C$2:$C$2903,$B8)/SUMIFS(Counts!$AA$2:$AA$2903,Counts!$B$2:$B$2903,$C$3,Counts!$C$2:$C$2903,$B8),"")) -> 0.29972534
B9: =IF(3<=COUNTIF(Lists!$F$1:$F$556,$C$3),INDEX(Lists!$G$1:$G$556,MATCH($C$3,Lists!$F$1:$F$556,0)+2),"") -> Henry Bolte | C9: =IF($B9="","",IF(SUMIFS(Counts!$P$2:$P$2903,Counts!$B$2:$B$2903,$C$3,Counts!$C$2:$C$2903,$B9,Counts!$F$2:$F$2903,"Mar-Apr")<Guide!$C$25,"",IFERROR(SUMIFS(Counts!$AB$2:$AB$2903,Counts!$B$2:$B$2903,$C$3,Counts!$C$2:$C$2903,$B9,Counts!$F$2:$F$2903,"Mar-Apr")/SUMIFS(Counts!$AA$2:$AA$2903,Counts!$B$2:$B$2903,$C$3,Counts!$C$2:$C$2903,$B9,Counts!$F$2:$F$2903,"Mar-Apr"),""))) | D9: =IF($B9="","",IF(SUMIFS(Counts!$P$2:$P$2903,Counts!$B$2:$B$2903,$C$3,Counts!$C$2:$C$2903,$B9,Counts!$F$2:$F$2903,"May")<Guide!$C$25,"",IFERROR(SUMIFS(Counts!$AB$2:$AB$2903,Counts!$B$2:$B$2903,$C$3,Counts!$C$2:$C$2903,$B9,Counts!$F$2:$F$2903,"May")/SUMIFS(Counts!$AA$2:$AA$2903,Counts!$B$2:$B$2903,$C$3,Counts!$C$2:$C$2903,$B9,Counts!$F$2:$F$2903,"May"),""))) -> 0.26911667 | E9: =IF($B9="","",IF(SUMIFS(Counts!$P$2:$P$2903,Counts!$B$2:$B$2903,$C$3,Counts!$C$2:$C$2903,$B9,Counts!$F$2:$F$2903,"Jun")<Guide!$C$25,"",IFERROR(SUMIFS(Counts!$AB$2:$AB$2903,Counts!$B$2:$B$2903,$C$3,Counts!$C$2:$C$2903,$B9,Counts!$F$2:$F$2903,"Jun")/SUMIFS(Counts!$AA$2:$AA$2903,Counts!$B$2:$B$2903,$C$3,Counts!$C$2:$C$2903,$B9,Counts!$F$2:$F$2903,"Jun"),""))) -> 0.32545192 | F9: =IF($B9="","",IF(SUMIFS(Counts!$P$2:$P$2903,Counts!$B$2:$B$2903,$C$3,Counts!$C$2:$C$2903,$B9,Counts!$F$2:$F$2903,"Jul")<Guide!$C$25,"",IFERROR(SUMIFS(Counts!$AB$2:$AB$2903,Counts!$B$2:$B$2903,$C$3,Counts!$C$2:$C$2903,$B9,Counts!$F$2:$F$2903,"Jul")/SUMIFS(Counts!$AA$2:$AA$2903,Counts!$B$2:$B$2903,$C$3,Counts!$C$2:$C$2903,$B9,Counts!$F$2:$F$2903,"Jul"),""))) -> 0.26889189 | G9: =IF($B9="","",IF(SUMIFS(Counts!$P$2:$P$2903,Counts!$B$2:$B$2903,$C$3,Counts!$C$2:$C$2903,$B9,Counts!$F$2:$F$2903,"Aug")<Guide!$C$25,"",IFERROR(SUMIFS(Counts!$AB$2:$AB$2903,Counts!$B$2:$B$2903,$C$3,Counts!$C$2:$C$2903,$B9,Counts!$F$2:$F$2903,"Aug")/SUMIFS(Counts!$AA$2:$AA$2903,Counts!$B$2:$B$2903,$C$3,Counts!$C$2:$C$2903,$B9,Counts!$F$2:$F$2903,"Aug"),""))) -> 0.3232541 | H9: =IF($B9="","",IF(SUMIFS(Counts!$P$2:$P$2903,Counts!$B$2:$B$2903,$C$3,Counts!$C$2:$C$2903,$B9,Counts!$F$2:$F$2903,"Sep")<Guide!$C$25,"",IFERROR(SUMIFS(Counts!$AB$2:$AB$2903,Counts!$B$2:$B$2903,$C$3,Counts!$C$2:$C$2903,$B9,Counts!$F$2:$F$2903,"Sep")/SUMIFS(Counts!$AA$2:$AA$2903,Counts!$B$2:$B$2903,$C$3,Counts!$C$2:$C$2903,$B9,Counts!$F$2:$F$2903,"Sep"),""))) -> 0.36518519 | I9: =IF($B9="","",IFERROR(SUMIFS(Counts!$AB$2:$AB$2903,Counts!$B$2:$B$2903,$C$3,Counts!$C$2:$C$2903,$B9)/SUMIFS(Counts!$AA$2:$AA$2903,Counts!$B$2:$B$2903,$C$3,Counts!$C$2:$C$2903,$B9),"")) -> 0.31788248
B10: =IF(4<=COUNTIF(Lists!$F$1:$F$556,$C$3),INDEX(Lists!$G$1:$G$556,MATCH($C$3,Lists!$F$1:$F$556,0)+3),"") -> Shea Langeliers | C10: =IF($B10="","",IF(SUMIFS(Counts!$P$2:$P$2903,Counts!$B$2:$B$2903,$C$3,Counts!$C$2:$C$2903,$B10,Counts!$F$2:$F$2903,"Mar-Apr")<Guide!$C$25,"",IFERROR(SUMIFS(Counts!$AB$2:$AB$2903,Counts!$B$2:$B$2903,$C$3,Counts!$C$2:$C$2903,$B10,Counts!$F$2:$F$2903,"Mar-Apr")/SUMIFS(Counts!$AA$2:$AA$2903,Counts!$B$2:$B$2903,$C$3,Counts!$C$2:$C$2903,$B10,Counts!$F$2:$F$2903,"Mar-Apr"),""))) -> 0.3968963 | D10: =IF($B10="","",IF(SUMIFS(Counts!$P$2:$P$2903,Counts!$B$2:$B$2903,$C$3,Counts!$C$2:$C$2903,$B10,Counts!$F$2:$F$2903,"May")<Guide!$C$25,"",IFERROR(SUMIFS(Counts!$AB$2:$AB$2903,Counts!$B$2:$B$2903,$C$3,Counts!$C$2:$C$2903,$B10,Counts!$F$2:$F$2903,"May")/SUMIFS(Counts!$AA$2:$AA$2903,Counts!$B$2:$B$2903,$C$3,Counts!$C$2:$C$2903,$B10,Counts!$F$2:$F$2903,"May"),""))) -> 0.38040952 | E10: =IF($B10="","",IF(SUMIFS(Counts!$P$2:$P$2903,Counts!$B$2:$B$2903,$C$3,Counts!$C$2:$C$2903,$B10,Counts!$F$2:$F$2903,"Jun")<Guide!$C$25,"",IFERROR(SUMIFS(Counts!$AB$2:$AB$2903,Counts!$B$2:$B$2903,$C$3,Counts!$C$2:$C$2903,$B10,Counts!$F$2:$F$2903,"Jun")/SUMIFS(Counts!$AA$2:$AA$2903,Counts!$B$2:$B$2903,$C$3,Counts!$C$2:$C$2903,$B10,Counts!$F$2:$F$2903,"Jun"),""))) -> 0.297 | F10: =IF($B10="","",IF(SUMIFS(Counts!$P$2:$P$2903,Counts!$B$2:$B$2903,$C$3,Counts!$C$2:$C$2903,$B10,Counts!$F$2:$F$2903,"Jul")<Guide!$C$25,"",IFERROR(SUMIFS(Counts!$AB$2:$AB$2903,Counts!$B$2:$B$2903,$C$3,Counts!$C$2:$C$2903,$B10,Counts!$F$2:$F$2903,"Jul")/SUMIFS(Counts!$AA$2:$AA$2903,Counts!$B$2:$B$2903,$C$3,Counts!$C$2:$C$2903,$B10,Counts!$F$2:$F$2903,"Jul"),""))) -> 0.37901667 | G10: =IF($B10="","",IF(SUMIFS(Counts!$P$2:$P$2903,Counts!$B$2:$B$2903,$C$3,Counts!$C$2:$C$2903,$B10,Counts!$F$2:$F$2903,"Aug")<Guide!$C$25,"",IFERROR(SUMIFS(Counts!$AB$2:$AB$2903,Counts!$B$2:$B$2903,$C$3,Counts!$C$2:$C$2903,$B10,Counts!$F$2:$F$2903,"Aug")/SUMIFS(Counts!$AA$2:$AA$2903,Counts!$B$2:$B$2903,$C$3,Counts!$C$2:$C$2903,$B10,Counts!$F$2:$F$2903,"Aug"),""))) | H10: =IF($B10="","",IF(SUMIFS(Counts!$P$2:$P$2903,Counts!$B$2:$B$2903,$C$3,Counts!$C$2:$C$2903,$B10,Counts!$F$2:$F$2903,"Sep")<Guide!$C$25,"",IFERROR(SUMIFS(Counts!$AB$2:$AB$2903,Counts!$B$2:$B$2903,$C$3,Counts!$C$2:$C$2903,$B10,Counts!$F$2:$F$2903,"Sep")/SUMIFS(Counts!$AA$2:$AA$2903,Counts!$B$2:$B$2903,$C$3,Counts!$C$2:$C$2903,$B10,Counts!$F$2:$F$2903,"Sep"),""))) -> 0.27023529 | I10: =IF($B10="","",IFERROR(SUMIFS(Counts!$AB$2:$AB$2903,Counts!$B$2:$B$2903,$C$3,Counts!$C$2:$C$2903,$B10)/SUMIFS(Counts!$AA$2:$AA$2903,Counts!$B$2:$B$2903,$C$3,Counts!$C$2:$C$2903,$B10),"")) -> 0.35248387
B11: =IF(5<=COUNTIF(Lists!$F$1:$F$556,$C$3),INDEX(Lists!$G$1:$G$556,MATCH($C$3,Lists!$F$1:$F$556,0)+4),"") -> Tyler Soderstrom | C11: =IF($B11="","",IF(SUMIFS(Counts!$P$2:$P$2903,Counts!$B$2:$B$2903,$C$3,Counts!$C$2:$C$2903,$B11,Counts!$F$2:$F$2903,"Mar-Apr")<Guide!$C$25,"",IFERROR(SUMIFS(Counts!$AB$2:$AB$2903,Counts!$B$2:$B$2903,$C$3,Counts!$C$2:$C$2903,$B11,Counts!$F$2:$F$2903,"Mar-Apr")/SUMIFS(Counts!$AA$2:$AA$2903,Counts!$B$2:$B$2903,$C$3,Counts!$C$2:$C$2903,$B11,Counts!$F$2:$F$2903,"Mar-Apr"),""))) -> 0.32690244 | D11: =IF($B11="","",IF(SUMIFS(Counts!$P$2:$P$2903,Counts!$B$2:$B$2903,$C$3,Counts!$C$2:$C$2903,$B11,Counts!$F$2:$F$2903,"May")<Guide!$C$25,"",IFERROR(SUMIFS(Counts!$AB$2:$AB$2903,Counts!$B$2:$B$2903,$C$3,Counts!$C$2:$C$2903,$B11,Counts!$F$2:$F$2903,"May")/SUMIFS(Counts!$AA$2:$AA$2903,Counts!$B$2:$B$2903,$C$3,Counts!$C$2:$C$2903,$B11,Counts!$F$2:$F$2903,"May"),""))) -> 0.3347027 | E11: =IF($B11="","",IF(SUMIFS(Counts!$P$2:$P$2903,Counts!$B$2:$B$2903,$C$3,Counts!$C$2:$C$2903,$B11,Counts!$F$2:$F$2903,"Jun")<Guide!$C$25,"",IFERROR(SUMIFS(Counts!$AB$2:$AB$2903,Counts!$B$2:$B$2903,$C$3,Counts!$C$2:$C$2903,$B11,Counts!$F$2:$F$2903,"Jun")/SUMIFS(Counts!$AA$2:$AA$2903,Counts!$B$2:$B$2903,$C$3,Counts!$C$2:$C$2903,$B11,Counts!$F$2:$F$2903,"Jun"),""))) -> 0.35133333 | F11: =IF($B11="","",IF(SUMIFS(Counts!$P$2:$P$2903,Counts!$B$2:$B$2903,$C$3,Counts!$C$2:$C$2903,$B11,Counts!$F$2:$F$2903,"Jul")<Guide!$C$25,"",IFERROR(SUMIFS(Counts!$AB$2:$AB$2903,Counts!$B$2:$B$2903,$C$3,Counts!$C$2:$C$2903,$B11,Counts!$F$2:$F$2903,"Jul")/SUMIFS(Counts!$AA$2:$AA$2903,Counts!$B$2:$B$2903,$C$3,Counts!$C$2:$C$2903,$B11,Counts!$F$2:$F$2903,"Jul"),""))) -> 0.31609859 | G11: =IF($B11="","",IF(SUMIFS(Counts!$P$2:$P$2903,Counts!$B$2:$B$2903,$C$3,Counts!$C$2:$C$2903,$B11,Counts!$F$2:$F$2903,"Aug")<Guide!$C$25,"",IFERROR(SUMIFS(Counts!$AB$2:$AB$2903,Counts!$B$2:$B$2903,$C$3,Counts!$C$2:$C$2903,$B11,Counts!$F$2:$F$2903,"Aug")/SUMIFS(Counts!$AA$2:$AA$2903,Counts!$B$2:$B$2903,$C$3,Counts!$C$2:$C$2903,$B11,Counts!$F$2:$F$2903,"Aug"),""))) -> 0.27745652 | H11: =IF($B11="","",IF(SUMIFS(Counts!$P$2:$P$2903,Counts!$B$2:$B$2903,$C$3,Counts!$C$2:$C$2903,$B11,Counts!$F$2:$F$2903,"Sep")<Guide!$C$25,"",IFERROR(SUMIFS(Counts!$AB$2:$AB$2903,Counts!$B$2:$B$2903,$C$3,Counts!$C$2:$C$2903,$B11,Counts!$F$2:$F$2903,"Sep")/SUMIFS(Counts!$AA$2:$AA$2903,Counts!$B$2:$B$2903,$C$3,Counts!$C$2:$C$2903,$B11,Counts!$F$2:$F$2903,"Sep"),""))) | I11: =IF($B11="","",IFERROR(SUMIFS(Counts!$AB$2:$AB$2903,Counts!$B$2:$B$2903,$C$3,Counts!$C$2:$C$2903,$B11)/SUMIFS(Counts!$AA$2:$AA$2903,Counts!$B$2:$B$2903,$C$3,Counts!$C$2:$C$2903,$B11),"")) -> 0.32728188
B12: =IF(6<=COUNTIF(Lists!$F$1:$F$556,$C$3),INDEX(Lists!$G$1:$G$556,MATCH($C$3,Lists!$F$1:$F$556,0)+5),"") -> Zack Gelof | C12: =IF($B12="","",IF(SUMIFS(Counts!$P$2:$P$2903,Counts!$B$2:$B$2903,$C$3,Counts!$C$2:$C$2903,$B12,Counts!$F$2:$F$2903,"Mar-Apr")<Guide!$C$25,"",IFERROR(SUMIFS(Counts!$AB$2:$AB$2903,Counts!$B$2:$B$2903,$C$3,Counts!$C$2:$C$2903,$B12,Counts!$F$2:$F$2903,"Mar-Apr")/SUMIFS(Counts!$AA$2:$AA$2903,Counts!$B$2:$B$2903,$C$3,Counts!$C$2:$C$2903,$B12,Counts!$F$2:$F$2903,"Mar-Apr"),""))) -> 0.27027778 | D12: =IF($B12="","",IF(SUMIFS(Counts!$P$2:$P$2903,Counts!$B$2:$B$2903,$C$3,Counts!$C$2:$C$2903,$B12,Counts!$F$2:$F$2903,"May")<Guide!$C$25,"",IFERROR(SUMIFS(Counts!$AB$2:$AB$2903,Counts!$B$2:$B$2903,$C$3,Counts!$C$2:$C$2903,$B12,Counts!$F$2:$F$2903,"May")/SUMIFS(Counts!$AA$2:$AA$2903,Counts!$B$2:$B$2903,$C$3,Counts!$C$2:$C$2903,$B12,Counts!$F$2:$F$2903,"May"),""))) -> 0.30140179 | E12: =IF($B12="","",IF(SUMIFS(Counts!$P$2:$P$2903,Counts!$B$2:$B$2903,$C$3,Counts!$C$2:$C$2903,$B12,Counts!$F$2:$F$2903,"Jun")<Guide!$C$25,"",IFERROR(SUMIFS(Counts!$AB$2:$AB$2903,Counts!$B$2:$B$2903,$C$3,Counts!$C$2:$C$2903,$B12,Counts!$F$2:$F$2903,"Jun")/SUMIFS(Counts!$AA$2:$AA$2903,Counts!$B$2:$B$2903,$C$3,Counts!$C$2:$C$2903,$B12,Counts!$F$2:$F$2903,"Jun"),""))) -> 0.31105263 | F12: =IF($B12="","",IF(SUMIFS(Counts!$P$2:$P$2903,Counts!$B$2:$B$2903,$C$3,Counts!$C$2:$C$2903,$B12,Counts!$F$2:$F$2903,"Jul")<Guide!$C$25,"",IFERROR(SUMIFS(Counts!$AB$2:$AB$2903,Counts!$B$2:$B$2903,$C$3,Counts!$C$2:$C$2903,$B12,Counts!$F$2:$F$2903,"Jul")/SUMIFS(Counts!$AA$2:$AA$2903,Counts!$B$2:$B$2903,$C$3,Counts!$C$2:$C$2903,$B12,Counts!$F$2:$F$2903,"Jul"),""))) | G12: =IF($B12="","",IF(SUMIFS(Counts!$P$2:$P$2903,Counts!$B$2:$B$2903,$C$3,Counts!$C$2:$C$2903,$B12,Counts!$F$2:$F$2903,"Aug")<Guide!$C$25,"",IFERROR(SUMIFS(Counts!$AB$2:$AB$2903,Counts!$B$2:$B$2903,$C$3,Counts!$C$2:$C$2903,$B12,Counts!$F$2:$F$2903,"Aug")/SUMIFS(Counts!$AA$2:$AA$2903,Counts!$B$2:$B$2903,$C$3,Counts!$C$2:$C$2903,$B12,Counts!$F$2:$F$2903,"Aug"),""))) -> 0.32768235 | H12: =IF($B12="","",IF(SUMIFS(Counts!$P$2:$P$2903,Counts!$B$2:$B$2903,$C$3,Counts!$C$2:$C$2903,$B12,Counts!$F$2:$F$2903,"Sep")<Guide!$C$25,"",IFERROR(SUMIFS(Counts!$AB$2:$AB$2903,Counts!$B$2:$B$2903,$C$3,Counts!$C$2:$C$2903,$B12,Counts!$F$2:$F$2903,"Sep")/SUMIFS(Counts!$AA$2:$AA$2903,Counts!$B$2:$B$2903,$C$3,Counts!$C$2:$C$2903,$B12,Counts!$F$2:$F$2903,"Sep"),""))) -> 0.39688119 | I12: =IF($B12="","",IFERROR(SUMIFS(Counts!$AB$2:$AB$2903,Counts!$B$2:$B$2903,$C$3,Counts!$C$2:$C$2903,$B12)/SUMIFS(Counts!$AA$2:$AA$2903,Counts!$B$2:$B$2903,$C$3,Counts!$C$2:$C$2903,$B12),"")) -> 0.32265035
B13: =IF(7<=COUNTIF(Lists!$F$1:$F$556,$C$3),INDEX(Lists!$G$1:$G$556,MATCH($C$3,Lists!$F$1:$F$556,0)+6),"") -> Nick Kurtz | C13: =IF($B13="","",IF(SUMIFS(Counts!$P$2:$P$2903,Counts!$B$2:$B$2903,$C$3,Counts!$C$2:$C$2903,$B13,Counts!$F$2:$F$2903,"Mar-Apr")<Guide!$C$25,"",IFERROR(SUMIFS(Counts!$AB$2:$AB$2903,Counts!$B$2:$B$2903,$C$3,Counts!$C$2:$C$2903,$B13,Counts!$F$2:$F$2903,"Mar-Apr")/SUMIFS(Counts!$AA$2:$AA$2903,Counts!$B$2:$B$2903,$C$3,Counts!$C$2:$C$2903,$B13,Counts!$F$2:$F$2903,"Mar-Apr"),""))) -> 0.40725926 | D13: =IF($B13="","",IF(SUMIFS(Counts!$P$2:$P$2903,Counts!$B$2:$B$2903,$C$3,Counts!$C$2:$C$2903,$B13,Counts!$F$2:$F$2903,"May")<Guide!$C$25,"",IFERROR(SUMIFS(Counts!$AB$2:$AB$2903,Counts!$B$2:$B$2903,$C$3,Counts!$C$2:$C$2903,$B13,Counts!$F$2:$F$2903,"May")/SUMIFS(Counts!$AA$2:$AA$2903,Counts!$B$2:$B$2903,$C$3,Counts!$C$2:$C$2903,$B13,Counts!$F$2:$F$2903,"May"),""))) -> 0.37427642 | E13: =IF($B13="","",IF(SUMIFS(Counts!$P$2:$P$2903,Counts!$B$2:$B$2903,$C$3,Counts!$C$2:$C$2903,$B13,Counts!$F$2:$F$2903,"Jun")<Guide!$C$25,"",IFERROR(SUMIFS(Counts!$AB$2:$AB$2903,Counts!$B$2:$B$2903,$C$3,Counts!$C$2:$C$2903,$B13,Counts!$F$2:$F$2903,"Jun")/SUMIFS(Counts!$AA$2:$AA$2903,Counts!$B$2:$B$2903,$C$3,Counts!$C$2:$C$2903,$B13,Counts!$F$2:$F$2903,"Jun"),""))) -> 0.38117094 | F13: =IF($B13="","",IF(SUMIFS(Counts!$P$2:$P$2903,Counts!$B$2:$B$2903,$C$3,Counts!$C$2:$C$2903,$B13,Counts!$F$2:$F$2903,"Jul")<Guide!$C$25,"",IFERROR(SUMIFS(Counts!$AB$2:$AB$2903,Counts!$B$2:$B$2903,$C$3,Counts!$C$2:$C$2903,$B13,Counts!$F$2:$F$2903,"Jul")/SUMIFS(Counts!$AA$2:$AA$2903,Counts!$B$2:$B$2903,$C$3,Counts!$C$2:$C$2903,$B13,Counts!$F$2:$F$2903,"Jul"),""))) -> 0.2644898 | G13: =IF($B13="","",IF(SUMIFS(Counts!$P$2:$P$2903,Counts!$B$2:$B$2903,$C$3,Counts!$C$2:$C$2903,$B13,Counts!$F$2:$F$2903,"Aug")<Guide!$C$25,"",IFERROR(SUMIFS(Counts!$AB$2:$AB$2903,Counts!$B$2:$B$2903,$C$3,Counts!$C$2:$C$2903,$B13,Counts!$F$2:$F$2903,"Aug")/SUMIFS(Counts!$AA$2:$AA$2903,Counts!$B$2:$B$2903,$C$3,Counts!$C$2:$C$2903,$B13,Counts!$F$2:$F$2903,"Aug"),""))) | H13: =IF($B13="","",IF(SUMIFS(Counts!$P$2:$P$2903,Counts!$B$2:$B$2903,$C$3,Counts!$C$2:$C$2903,$B13,Counts!$F$2:$F$2903,"Sep")<Guide!$C$25,"",IFERROR(SUMIFS(Counts!$AB$2:$AB$2903,Counts!$B$2:$B$2903,$C$3,Counts!$C$2:$C$2903,$B13,Counts!$F$2:$F$2903,"Sep")/SUMIFS(Counts!$AA$2:$AA$2903,Counts!$B$2:$B$2903,$C$3,Counts!$C$2:$C$2903,$B13,Counts!$F$2:$F$2903,"Sep"),""))) | I13: =IF($B13="","",IFERROR(SUMIFS(Counts!$AB$2:$AB$2903,Counts!$B$2:$B$2903,$C$3,Counts!$C$2:$C$2903,$B13)/SUMIFS(Counts!$AA$2:$AA$2903,Counts!$B$2:$B$2903,$C$3,Counts!$C$2:$C$2903,$B13),"")) -> 0.37399292
B14: =IF(8<=COUNTIF(Lists!$F$1:$F$556,$C$3),INDEX(Lists!$G$1:$G$556,MATCH($C$3,Lists!$F$1:$F$556,0)+7),"") -> Carlos Cortes | C14: =IF($B14="","",IF(SUMIFS(Counts!$P$2:$P$2903,Counts!$B$2:$B$2903,$C$3,Counts!$C$2:$C$2903,$B14,Counts!$F$2:$F$2903,"Mar-Apr")<Guide!$C$25,"",IFERROR(SUMIFS(Counts!$AB$2:$AB$2903,Counts!$B$2:$B$2903,$C$3,Counts!$C$2:$C$2903,$B14,Counts!$F$2:$F$2903,"Mar-Apr")/SUMIFS(Counts!$AA$2:$AA$2903,Counts!$B$2:$B$2903,$C$3,Counts!$C$2:$C$2903,$B14,Counts!$F$2:$F$2903,"Mar-Apr"),""))) -> 0.44540789 | D14: =IF($B14="","",IF(SUMIFS(Counts!$P$2:$P$2903,Counts!$B$2:$B$2903,$C$3,Counts!$C$2:$C$2903,$B14,Counts!$F$2:$F$2903,"May")<Guide!$C$25,"",IFERROR(SUMIFS(Counts!$AB$2:$AB$2903,Counts!$B$2:$B$2903,$C$3,Counts!$C$2:$C$2903,$B14,Counts!$F$2:$F$2903,"May")/SUMIFS(Counts!$AA$2:$AA$2903,Counts!$B$2:$B$2903,$C$3,Counts!$C$2:$C$2903,$B14,Counts!$F$2:$F$2903,"May"),""))) -> 0.34064198 | E14: =IF($B14="","",IF(SUMIFS(Counts!$P$2:$P$2903,Counts!$B$2:$B$2903,$C$3,Counts!$C$2:$C$2903,$B14,Counts!$F$2:$F$2903,"Jun")<Guide!$C$25,"",IFERROR(SUMIFS(Counts!$AB$2:$AB$2903,Counts!$B$2:$B$2903,$C$3,Counts!$C$2:$C$2903,$B14,Counts!$F$2:$F$2903,"Jun")/SUMIFS(Counts!$AA$2:$AA$2903,Counts!$B$2:$B$2903,$C$3,Counts!$C$2:$C$2903,$B14,Counts!$F$2:$F$2903,"Jun"),""))) -> 0.22561224 | F14: =IF($B14="","",IF(SUMIFS(Counts!$P$2:$P$2903,Counts!$B$2:$B$2903,$C$3,Counts!$C$2:$C$2903,$B14,Counts!$F$2:$F$2903,"Jul")<Guide!$C$25,"",IFERROR(SUMIFS(Counts!$AB$2:$AB$2903,Counts!$B$2:$B$2903,$C$3,Counts!$C$2:$C$2903,$B14,Counts!$F$2:$F$2903,"Jul")/SUMIFS(Counts!$AA$2:$AA$2903,Counts!$B$2:$B$2903,$C$3,Counts!$C$2:$C$2903,$B14,Counts!$F$2:$F$2903,"Jul"),""))) -> 0.21925532 | G14: =IF($B14="","",IF(SUMIFS(Counts!$P$2:$P$2903,Counts!$B$2:$B$2903,$C$3,Counts!$C$2:$C$2903,$B14,Counts!$F$2:$F$2903,"Aug")<Guide!$C$25,"",IFERROR(SUMIFS(Counts!$AB$2:$AB$2903,Counts!$B$2:$B$2903,$C$3,Counts!$C$2:$C$2903,$B14,Counts!$F$2:$F$2903,"Aug")/SUMIFS(Counts!$AA$2:$AA$2903,Counts!$B$2:$B$2903,$C$3,Counts!$C$2:$C$2903,$B14,Counts!$F$2:$F$2903,"Aug"),""))) -> 0.23948571 | H14: =IF($B14="","",IF(SUMIFS(Counts!$P$2:$P$2903,Counts!$B$2:$B$2903,$C$3,Counts!$C$2:$C$2903,$B14,Counts!$F$2:$F$2903,"Sep")<Guide!$C$25,"",IFERROR(SUMIFS(Counts!$AB$2:$AB$2903,Counts!$B$2:$B$2903,$C$3,Counts!$C$2:$C$2903,$B14,Counts!$F$2:$F$2903,"Sep")/SUMIFS(Counts!$AA$2:$AA$2903,Counts!$B$2:$B$2903,$C$3,Counts!$C$2:$C$2903,$B14,Counts!$F$2:$F$2903,"Sep"),""))) -> 0.25527273 | I14: =IF($B14="","",IFERROR(SUMIFS(Counts!$AB$2:$AB$2903,Counts!$B$2:$B$2903,$C$3,Counts!$C$2:$C$2903,$B14)/SUMIFS(Counts!$AA$2:$AA$2903,Counts!$B$2:$B$2903,$C$3,Counts!$C$2:$C$2903,$B14),"")) -> 0.30054762
B15: =IF(9<=COUNTIF(Lists!$F$1:$F$556,$C$3),INDEX(Lists!$G$1:$G$556,MATCH($C$3,Lists!$F$1:$F$556,0)+8),"") -> Jonah Heim | C15: =IF($B15="","",IF(SUMIFS(Counts!$P$2:$P$2903,Counts!$B$2:$B$2903,$C$3,Counts!$C$2:$C$2903,$B15,Counts!$F$2:$F$2903,"Mar-Apr")<Guide!$C$25,"",IFERROR(SUMIFS(Counts!$AB$2:$AB$2903,Counts!$B$2:$B$2903,$C$3,Counts!$C$2:$C$2903,$B15,Counts!$F$2:$F$2903,"Mar-Apr")/SUMIFS(Counts!$AA$2:$AA$2903,Counts!$B$2:$B$2903,$C$3,Counts!$C$2:$C$2903,$B15,Counts!$F$2:$F$2903,"Mar-Apr"),""))) | D15: =IF($B15="","",IF(SUMIFS(Counts!$P$2:$P$2903,Counts!$B$2:$B$2903,$C$3,Counts!$C$2:$C$2903,$B15,Counts!$F$2:$F$2903,"May")<Guide!$C$25,"",IFERROR(SUMIFS(Counts!$AB$2:$AB$2903,Counts!$B$2:$B$2903,$C$3,Counts!$C$2:$C$2903,$B15,Counts!$F$2:$F$2903,"May")/SUMIFS(Counts!$AA$2:$AA$2903,Counts!$B$2:$B$2903,$C$3,Counts!$C$2:$C$2903,$B15,Counts!$F$2:$F$2903,"May"),""))) -> 0.28870588 | E15: =IF($B15="","",IF(SUMIFS(Counts!$P$2:$P$2903,Counts!$B$2:$B$2903,$C$3,Counts!$C$2:$C$2903,$B15,Counts!$F$2:$F$2903,"Jun")<Guide!$C$25,"",IFERROR(SUMIFS(Counts!$AB$2:$AB$2903,Counts!$B$2:$B$2903,$C$3,Counts!$C$2:$C$2903,$B15,Counts!$F$2:$F$2903,"Jun")/SUMIFS(Counts!$AA$2:$AA$2903,Counts!$B$2:$B$2903,$C$3,Counts!$C$2:$C$2903,$B15,Counts!$F$2:$F$2903,"Jun"),""))) -> 0.3105303 | F15: =IF($B15="","",IF(SUMIFS(Counts!$P$2:$P$2903,Counts!$B$2:$B$2903,$C$3,Counts!$C$2:$C$2903,$B15,Counts!$F$2:$F$2903,"Jul")<Guide!$C$25,"",IFERROR(SUMIFS(Counts!$AB$2:$AB$2903,Counts!$B$2:$B$2903,$C$3,Counts!$C$2:$C$2903,$B15,Counts!$F$2:$F$2903,"Jul")/SUMIFS(Counts!$AA$2:$AA$2903,Counts!$B$2:$B$2903,$C$3,Counts!$C$2:$C$2903,$B15,Counts!$F$2:$F$2903,"Jul"),""))) -> 0.32910345 | G15: =IF($B15="","",IF(SUMIFS(Counts!$P$2:$P$2903,Counts!$B$2:$B$2903,$C$3,Counts!$C$2:$C$2903,$B15,Counts!$F$2:$F$2903,"Aug")<Guide!$C$25,"",IFERROR(SUMIFS(Counts!$AB$2:$AB$2903,Counts!$B$2:$B$2903,$C$3,Counts!$C$2:$C$2903,$B15,Counts!$F$2:$F$2903,"Aug")/SUMIFS(Counts!$AA$2:$AA$2903,Counts!$B$2:$B$2903,$C$3,Counts!$C$2:$C$2903,$B15,Counts!$F$2:$F$2903,"Aug"),""))) -> 0.26403371 | H15: =IF($B15="","",IF(SUMIFS(Counts!$P$2:$P$2903,Counts!$B$2:$B$2903,$C$3,Counts!$C$2:$C$2903,$B15,Counts!$F$2:$F$2903,"Sep")<Guide!$C$25,"",IFERROR(SUMIFS(Counts!$AB$2:$AB$2903,Counts!$B$2:$B$2903,$C$3,Counts!$C$2:$C$2903,$B15,Counts!$F$2:$F$2903,"Sep")/SUMIFS(Counts!$AA$2:$AA$2903,Counts!$B$2:$B$2903,$C$3,Counts!$C$2:$C$2903,$B15,Counts!$F$2:$F$2903,"Sep"),""))) -> 0.23445588 | I15: =IF($B15="","",IFERROR(SUMIFS(Counts!$AB$2:$AB$2903,Counts!$B$2:$B$2903,$C$3,Counts!$C$2:$C$2903,$B15)/SUMIFS(Counts!$AA$2:$AA$2903,Counts!$B$2:$B$2903,$C$3,Counts!$C$2:$C$2903,$B15),"")) -> 0.28600291
B16: =IF(10<=COUNTIF(Lists!$F$1:$F$556,$C$3),INDEX(Lists!$G$1:$G$556,MATCH($C$3,Lists!$F$1:$F$556,0)+9),"") -> Jacob Wilson | C16: =IF($B16="","",IF(SUMIFS(Counts!$P$2:$P$2903,Counts!$B$2:$B$2903,$C$3,Counts!$C$2:$C$2903,$B16,Counts!$F$2:$F$2903,"Mar-Apr")<Guide!$C$25,"",IFERROR(SUMIFS(Counts!$AB$2:$AB$2903,Counts!$B$2:$B$2903,$C$3,Counts!$C$2:$C$2903,$B16,Counts!$F$2:$F$2903,"Mar-Apr")/SUMIFS(Counts!$AA$2:$AA$2903,Counts!$B$2:$B$2903,$C$3,Counts!$C$2:$C$2903,$B16,Counts!$F$2:$F$2903,"Mar-Apr"),""))) -> 0.27113077 | D16: =IF($B16="","",IF(SUMIFS(Counts!$P$2:$P$2903,Counts!$B$2:$B$2903,$C$3,Counts!$C$2:$C$2903,$B16,Counts!$F$2:$F$2903,"May")<Guide!$C$25,"",IFERROR(SUMIFS(Counts!$AB$2:$AB$2903,Counts!$B$2:$B$2903,$C$3,Counts!$C$2:$C$2903,$B16,Counts!$F$2:$F$2903,"May")/SUMIFS(Counts!$AA$2:$AA$2903,Counts!$B$2:$B$2903,$C$3,Counts!$C$2:$C$2903,$B16,Counts!$F$2:$F$2903,"May"),""))) -> 0.28705556 | E16: =IF($B16="","",IF(SUMIFS(Counts!$P$2:$P$2903,Counts!$B$2:$B$2903,$C$3,Counts!$C$2:$C$2903,$B16,Counts!$F$2:$F$2903,"Jun")<Guide!$C$25,"",IFERROR(SUMIFS(Counts!$AB$2:$AB$2903,Counts!$B$2:$B$2903,$C$3,Counts!$C$2:$C$2903,$B16,Counts!$F$2:$F$2903,"Jun")/SUMIFS(Counts!$AA$2:$AA$2903,Counts!$B$2:$B$2903,$C$3,Counts!$C$2:$C$2903,$B16,Counts!$F$2:$F$2903,"Jun"),""))) -> 0.29411111 | F16: =IF($B16="","",IF(SUMIFS(Counts!$P$2:$P$2903,Counts!$B$2:$B$2903,$C$3,Counts!$C$2:$C$2903,$B16,Counts!$F$2:$F$2903,"Jul")<Guide!$C$25,"",IFERROR(SUMIFS(Counts!$AB$2:$AB$2903,Counts!$B$2:$B$2903,$C$3,Counts!$C$2:$C$2903,$B16,Counts!$F$2:$F$2903,"Jul")/SUMIFS(Counts!$AA$2:$AA$2903,Counts!$B$2:$B$2903,$C$3,Counts!$C$2:$C$2903,$B16,Counts!$F$2:$F$2903,"Jul"),""))) -> 0.32824706 | G16: =IF($B16="","",IF(SUMIFS(Counts!$P$2:$P$2903,Counts!$B$2:$B$2903,$C$3,Counts!$C$2:$C$2903,$B16,Counts!$F$2:$F$2903,"Aug")<Guide!$C$25,"",IFERROR(SUMIFS(Counts!$AB$2:$AB$2903,Counts!$B$2:$B$2903,$C$3,Counts!$C$2:$C$2903,$B16,Counts!$F$2:$F$2903,"Aug")/SUMIFS(Counts!$AA$2:$AA$2903,Counts!$B$2:$B$2903,$C$3,Counts!$C$2:$C$2903,$B16,Counts!$F$2:$F$2903,"Aug"),""))) -> 0.19764865 | H16: =IF($B16="","",IF(SUMIFS(Counts!$P$2:$P$2903,Counts!$B$2:$B$2903,$C$3,Counts!$C$2:$C$2903,$B16,Counts!$F$2:$F$2903,"Sep")<Guide!$C$25,"",IFERROR(SUMIFS(Counts!$AB$2:$AB$2903,Counts!$B$2:$B$2903,$C$3,Counts!$C$2:$C$2903,$B16,Counts!$F$2:$F$2903,"Sep")/SUMIFS(Counts!$AA$2:$AA$2903,Counts!$B$2:$B$2903,$C$3,Counts!$C$2:$C$2903,$B16,Counts!$F$2:$F$2903,"Sep"),""))) | I16: =IF($B16="","",IFERROR(SUMIFS(Counts!$AB$2:$AB$2903,Counts!$B$2:$B$2903,$C$3,Counts!$C$2:$C$2903,$B16)/SUMIFS(Counts!$AA$2:$AA$2903,Counts!$B$2:$B$2903,$C$3,Counts!$C$2:$C$2903,$B16),"")) -> 0.28237237
B17: =IF(11<=COUNTIF(Lists!$F$1:$F$556,$C$3),INDEX(Lists!$G$1:$G$556,MATCH($C$3,Lists!$F$1:$F$556,0)+10),"") -> Max Muncy | C17: =IF($B17="","",IF(SUMIFS(Counts!$P$2:$P$2903,Counts!$B$2:$B$2903,$C$3,Counts!$C$2:$C$2903,$B17,Counts!$F$2:$F$2903,"Mar-Apr")<Guide!$C$25,"",IFERROR(SUMIFS(Counts!$AB$2:$AB$2903,Counts!$B$2:$B$2903,$C$3,Counts!$C$2:$C$2903,$B17,Counts!$F$2:$F$2903,"Mar-Apr")/SUMIFS(Counts!$AA$2:$AA$2903,Counts!$B$2:$B$2903,$C$3,Counts!$C$2:$C$2903,$B17,Counts!$F$2:$F$2903,"Mar-Apr"),""))) -> 0.30249038 | D17: =IF($B17="","",IF(SUMIFS(Counts!$P$2:$P$2903,Counts!$B$2:$B$2903,$C$3,Counts!$C$2:$C$2903,$B17,Counts!$F$2:$F$2903,"May")<Guide!$C$25,"",IFERROR(SUMIFS(Counts!$AB$2:$AB$2903,Counts!$B$2:$B$2903,$C$3,Counts!$C$2:$C$2903,$B17,Counts!$F$2:$F$2903,"May")/SUMIFS(Counts!$AA$2:$AA$2903,Counts!$B$2:$B$2903,$C$3,Counts!$C$2:$C$2903,$B17,Counts!$F$2:$F$2903,"May"),""))) | E17: =IF($B17="","",IF(SUMIFS(Counts!$P$2:$P$2903,Counts!$B$2:$B$2903,$C$3,Counts!$C$2:$C$2903,$B17,Counts!$F$2:$F$2903,"Jun")<Guide!$C$25,"",IFERROR(SUMIFS(Counts!$AB$2:$AB$2903,Counts!$B$2:$B$2903,$C$3,Counts!$C$2:$C$2903,$B17,Counts!$F$2:$F$2903,"Jun")/SUMIFS(Counts!$AA$2:$AA$2903,Counts!$B$2:$B$2903,$C$3,Counts!$C$2:$C$2903,$B17,Counts!$F$2:$F$2903,"Jun"),""))) -> 0.27303175 | F17: =IF($B17="","",IF(SUMIFS(Counts!$P$2:$P$2903,Counts!$B$2:$B$2903,$C$3,Counts!$C$2:$C$2903,$B17,Counts!$F$2:$F$2903,"Jul")<Guide!$C$25,"",IFERROR(SUMIFS(Counts!$AB$2:$AB$2903,Counts!$B$2:$B$2903,$C$3,Counts!$C$2:$C$2903,$B17,Counts!$F$2:$F$2903,"Jul")/SUMIFS(Counts!$AA$2:$AA$2903,Counts!$B$2:$B$2903,$C$3,Counts!$C$2:$C$2903,$B17,Counts!$F$2:$F$2903,"Jul"),""))) | G17: =IF($B17="","",IF(SUMIFS(Counts!$P$2:$P$2903,Counts!$B$2:$B$2903,$C$3,Counts!$C$2:$C$2903,$B17,Counts!$F$2:$F$2903,"Aug")<Guide!$C$25,"",IFERROR(SUMIFS(Counts!$AB$2:$AB$2903,Counts!$B$2:$B$2903,$C$3,Counts!$C$2:$C$2903,$B17,Counts!$F$2:$F$2903,"Aug")/SUMIFS(Counts!$AA$2:$AA$2903,Counts!$B$2:$B$2903,$C$3,Counts!$C$2:$C$2903,$B17,Counts!$F$2:$F$2903,"Aug"),""))) -> 0.27438235 | H17: =IF($B17="","",IF(SUMIFS(Counts!$P$2:$P$2903,Counts!$B$2:$B$2903,$C$3,Counts!$C$2:$C$2903,$B17,Counts!$F$2:$F$2903,"Sep")<Guide!$C$25,"",IFERROR(SUMIFS(Counts!$AB$2:$AB$2903,Counts!$B$2:$B$2903,$C$3,Counts!$C$2:$C$2903,$B17,Counts!$F$2:$F$2903,"Sep")/SUMIFS(Counts!$AA$2:$AA$2903,Counts!$B$2:$B$2903,$C$3,Counts!$C$2:$C$2903,$B17,Counts!$F$2:$F$2903,"Sep"),""))) -> 0.29815789 | I17: =IF($B17="","",IFERROR(SUMIFS(Counts!$AB$2:$AB$2903,Counts!$B$2:$B$2903,$C$3,Counts!$C$2:$C$2903,$B17)/SUMIFS(Counts!$AA$2:$AA$2903,Counts!$B$2:$B$2903,$C$3,Counts!$C$2:$C$2903,$B17),"")) -> 0.28755986
B18: =IF(12<=COUNTIF(Lists!$F$1:$F$556,$C$3),INDEX(Lists!$G$1:$G$556,MATCH($C$3,Lists!$F$1:$F$556,0)+11),"") -> Alika Williams | C18: =IF($B18="","",IF(SUMIFS(Counts!$P$2:$P$2903,Counts!$B$2:$B$2903,$C$3,Counts!$C$2:$C$2903,$B18,Counts!$F$2:$F$2903,"Mar-Apr")<Guide!$C$25,"",IFERROR(SUMIFS(Counts!$AB$2:$AB$2903,Counts!$B$2:$B$2903,$C$3,Counts!$C$2:$C$2903,$B18,Counts!$F$2:$F$2903,"Mar-Apr")/SUMIFS(Counts!$AA$2:$AA$2903,Counts!$B$2:$B$2903,$C$3,Counts!$C$2:$C$2903,$B18,Counts!$F$2:$F$2903,"Mar-Apr"),""))) | D18: =IF($B18="","",IF(SUMIFS(Counts!$P$2:$P$2903,Counts!$B$2:$B$2903,$C$3,Counts!$C$2:$C$2903,$B18,Counts!$F$2:$F$2903,"May")<Guide!$C$25,"",IFERROR(SUMIFS(Counts!$AB$2:$AB$2903,Counts!$B$2:$B$2903,$C$3,Counts!$C$2:$C$2903,$B18,Counts!$F$2:$F$2903,"May")/SUMIFS(Counts!$AA$2:$AA$2903,Counts!$B$2:$B$2903,$C$3,Counts!$C$2:$C$2903,$B18,Counts!$F$2:$F$2903,"May"),""))) | E18: =IF($B18="","",IF(SUMIFS(Counts!$P$2:$P$2903,Counts!$B$2:$B$2903,$C$3,Counts!$C$2:$C$2903,$B18,Counts!$F$2:$F$2903,"Jun")<Guide!$C$25,"",IFERROR(SUMIFS(Counts!$AB$2:$AB$2903,Counts!$B$2:$B$2903,$C$3,Counts!$C$2:$C$2903,$B18,Counts!$F$2:$F$2903,"Jun")/SUMIFS(Counts!$AA$2:$AA$2903,Counts!$B$2:$B$2903,$C$3,Counts!$C$2:$C$2903,$B18,Counts!$F$2:$F$2903,"Jun"),""))) -> 0.25442105 | F18: =IF($B18="","",IF(SUMIFS(Counts!$P$2:$P$2903,Counts!$B$2:$B$2903,$C$3,Counts!$C$2:$C$2903,$B18,Counts!$F$2:$F$2903,"Jul")<Guide!$C$25,"",IFERROR(SUMIFS(Counts!$AB$2:$AB$2903,Counts!$B$2:$B$2903,$C$3,Counts!$C$2:$C$2903,$B18,Counts!$F$2:$F$2903,"Jul")/SUMIFS(Counts!$AA$2:$AA$2903,Counts!$B$2:$B$2903,$C$3,Counts!$C$2:$C$2903,$B18,Counts!$F$2:$F$2903,"Jul"),""))) -> 0.24779545 | G18: =IF($B18="","",IF(SUMIFS(Counts!$P$2:$P$2903,Counts!$B$2:$B$2903,$C$3,Counts!$C$2:$C$2903,$B18,Counts!$F$2:$F$2903,"Aug")<Guide!$C$25,"",IFERROR(SUMIFS(Counts!$AB$2:$AB$2903,Counts!$B$2:$B$2903,$C$3,Counts!$C$2:$C$2903,$B18,Counts!$F$2:$F$2903,"Aug")/SUMIFS(Counts!$AA$2:$AA$2903,Counts!$B$2:$B$2903,$C$3,Counts!$C$2:$C$2903,$B18,Counts!$F$2:$F$2903,"Aug"),""))) -> 0.25554717 | H18: =IF($B18="","",IF(SUMIFS(Counts!$P$2:$P$2903,Counts!$B$2:$B$2903,$C$3,Counts!$C$2:$C$2903,$B18,Counts!$F$2:$F$2903,"Sep")<Guide!$C$25,"",IFERROR(SUMIFS(Counts!$AB$2:$AB$2903,Counts!$B$2:$B$2903,$C$3,Counts!$C$2:$C$2903,$B18,Counts!$F$2:$F$2903,"Sep")/SUMIFS(Counts!$AA$2:$AA$2903,Counts!$B$2:$B$2903,$C$3,Counts!$C$2:$C$2903,$B18,Counts!$F$2:$F$2903,"Sep"),""))) -> 0.2604127 | I18: =IF($B18="","",IFERROR(SUMIFS(Counts!$AB$2:$AB$2903,Counts!$B$2:$B$2903,$C$3,Counts!$C$2:$C$2903,$B18)/SUMIFS(Counts!$AA$2:$AA$2903,Counts!$B$2:$B$2903,$C$3,Counts!$C$2:$C$2903,$B18),"")) -> 0.24752863
B19: =IF(13<=COUNTIF(Lists!$F$1:$F$556,$C$3),INDEX(Lists!$G$1:$G$556,MATCH($C$3,Lists!$F$1:$F$556,0)+12),"") -> Brent Rooker | C19: =IF($B19="","",IF(SUMIFS(Counts!$P$2:$P$2903,Counts!$B$2:$B$2903,$C$3,Counts!$C$2:$C$2903,$B19,Counts!$F$2:$F$2903,"Mar-Apr")<Guide!$C$25,"",IFERROR(SUMIFS(Counts!$AB$2:$AB$2903,Counts!$B$2:$B$2903,$C$3,Counts!$C$2:$C$2903,$B19,Counts!$F$2:$F$2903,"Mar-Apr")/SUMIFS(Counts!$AA$2:$AA$2903,Counts!$B$2:$B$2903,$C$3,Counts!$C$2:$C$2903,$B19,Counts!$F$2:$F$2903,"Mar-Apr"),""))) -> 0.26247541 | D19: =IF($B19="","",IF(SUMIFS(Counts!$P$2:$P$2903,Counts!$B$2:$B$2903,$C$3,Counts!$C$2:$C$2903,$B19,Counts!$F$2:$F$2903,"May")<Guide!$C$25,"",IFERROR(SUMIFS(Counts!$AB$2:$AB$2903,Counts!$B$2:$B$2903,$C$3,Counts!$C$2:$C$2903,$B19,Counts!$F$2:$F$2903,"May")/SUMIFS(Counts!$AA$2:$AA$2903,Counts!$B$2:$B$2903,$C$3,Counts!$C$2:$C$2903,$B19,Counts!$F$2:$F$2903,"May"),""))) -> 0.3292 | E19: =IF($B19="","",IF(SUMIFS(Counts!$P$2:$P$2903,Counts!$B$2:$B$2903,$C$3,Counts!$C$2:$C$2903,$B19,Counts!$F$2:$F$2903,"Jun")<Guide!$C$25,"",IFERROR(SUMIFS(Counts!$AB$2:$AB$2903,Counts!$B$2:$B$2903,$C$3,Counts!$C$2:$C$2903,$B19,Counts!$F$2:$F$2903,"Jun")/SUMIFS(Counts!$AA$2:$AA$2903,Counts!$B$2:$B$2903,$C$3,Counts!$C$2:$C$2903,$B19,Counts!$F$2:$F$2903,"Jun"),""))) -> 0.35392593 | F19: =IF($B19="","",IF(SUMIFS(Counts!$P$2:$P$2903,Counts!$B$2:$B$2903,$C$3,Counts!$C$2:$C$2903,$B19,Counts!$F$2:$F$2903,"Jul")<Guide!$C$25,"",IFERROR(SUMIFS(Counts!$AB$2:$AB$2903,Counts!$B$2:$B$2903,$C$3,Counts!$C$2:$C$2903,$B19,Counts!$F$2:$F$2903,"Jul")/SUMIFS(Counts!$AA$2:$AA$2903,Counts!$B$2:$B$2903,$C$3,Counts!$C$2:$C$2903,$B19,Counts!$F$2:$F$2903,"Jul"),""))) | G19: =IF($B19="","",IF(SUMIFS(Counts!$P$2:$P$2903,Counts!$B$2:$B$2903,$C$3,Counts!$C$2:$C$2903,$B19,Counts!$F$2:$F$2903,"Aug")<Guide!$C$25,"",IFERROR(SUMIFS(Counts!$AB$2:$AB$2903,Counts!$B$2:$B$2903,$C$3,Counts!$C$2:$C$2903,$B19,Counts!$F$2:$F$2903,"Aug")/SUMIFS(Counts!$AA$2:$AA$2903,Counts!$B$2:$B$2903,$C$3,Counts!$C$2:$C$2903,$B19,Counts!$F$2:$F$2903,"Aug"),""))) | H19: =IF($B19="","",IF(SUMIFS(Counts!$P$2:$P$2903,Counts!$B$2:$B$2903,$C$3,Counts!$C$2:$C$2903,$B19,Counts!$F$2:$F$2903,"Sep")<Guide!$C$25,"",IFERROR(SUMIFS(Counts!$AB$2:$AB$2903,Counts!$B$2:$B$2903,$C$3,Counts!$C$2:$C$2903,$B19,Counts!$F$2:$F$2903,"Sep")/SUMIFS(Counts!$AA$2:$AA$2903,Counts!$B$2:$B$2903,$C$3,Counts!$C$2:$C$2903,$B19,Counts!$F$2:$F$2903,"Sep"),""))) | I19: =IF($B19="","",IFERROR(SUMIFS(Counts!$AB$2:$AB$2903,Counts!$B$2:$B$2903,$C$3,Counts!$C$2:$C$2903,$B19)/SUMIFS(Counts!$AA$2:$AA$2903,Counts!$B$2:$B$2903,$C$3,Counts!$C$2:$C$2903,$B19),"")) -> 0.31201515
B20: =IF(14<=COUNTIF(Lists!$F$1:$F$556,$C$3),INDEX(Lists!$G$1:$G$556,MATCH($C$3,Lists!$F$1:$F$556,0)+13),"") -> Tommy White | C20: =IF($B20="","",IF(SUMIFS(Counts!$P$2:$P$2903,Counts!$B$2:$B$2903,$C$3,Counts!$C$2:$C$2903,$B20,Counts!$F$2:$F$2903,"Mar-Apr")<Guide!$C$25,"",IFERROR(SUMIFS(Counts!$AB$2:$AB$2903,Counts!$B$2:$B$2903,$C$3,Counts!$C$2:$C$2903,$B20,Counts!$F$2:$F$2903,"Mar-Apr")/SUMIFS(Counts!$AA$2:$AA$2903,Counts!$B$2:$B$2903,$C$3,Counts!$C$2:$C$2903,$B20,Counts!$F$2:$F$2903,"Mar-Apr"),""))) | D20: =IF($B20="","",IF(SUMIFS(Counts!$P$2:$P$2903,Counts!$B$2:$B$2903,$C$3,Counts!$C$2:$C$2903,$B20,Counts!$F$2:$F$2903,"May")<Guide!$C$25,"",IFERROR(SUMIFS(Counts!$AB$2:$AB$2903,Counts!$B$2:$B$2903,$C$3,Counts!$C$2:$C$2903,$B20,Counts!$F$2:$F$2903,"May")/SUMIFS(Counts!$AA$2:$AA$2903,Counts!$B$2:$B$2903,$C$3,Counts!$C$2:$C$2903,$B20,Counts!$F$2:$F$2903,"May"),""))) | E20: =IF($B20="","",IF(SUMIFS(Counts!$P$2:$P$2903,Counts!$B$2:$B$2903,$C$3,Counts!$C$2:$C$2903,$B20,Counts!$F$2:$F$2903,"Jun")<Guide!$C$25,"",IFERROR(SUMIFS(Counts!$AB$2:$AB$2903,Counts!$B$2:$B$2903,$C$3,Counts!$C$2:$C$2903,$B20,Counts!$F$2:$F$2903,"Jun")/SUMIFS(Counts!$AA$2:$AA$2903,Counts!$B$2:$B$2903,$C$3,Counts!$C$2:$C$2903,$B20,Counts!$F$2:$F$2903,"Jun"),""))) | F20: =IF($B20="","",IF(SUMIFS(Counts!$P$2:$P$2903,Counts!$B$2:$B$2903,$C$3,Counts!$C$2:$C$2903,$B20,Counts!$F$2:$F$2903,"Jul")<Guide!$C$25,"",IFERROR(SUMIFS(Counts!$AB$2:$AB$2903,Counts!$B$2:$B$2903,$C$3,Counts!$C$2:$C$2903,$B20,Counts!$F$2:$F$2903,"Jul")/SUMIFS(Counts!$AA$2:$AA$2903,Counts!$B$2:$B$2903,$C$3,Counts!$C$2:$C$2903,$B20,Counts!$F$2:$F$2903,"Jul"),""))) -> 0.29414815 | G20: =IF($B20="","",IF(SUMIFS(Counts!$P$2:$P$2903,Counts!$B$2:$B$2903,$C$3,Counts!$C$2:$C$2903,$B20,Counts!$F$2:$F$2903,"Aug")<Guide!$C$25,"",IFERROR(SUMIFS(Counts!$AB$2:$AB$2903,Counts!$B$2:$B$2903,$C$3,Counts!$C$2:$C$2903,$B20,Counts!$F$2:$F$2903,"Aug")/SUMIFS(Counts!$AA$2:$AA$2903,Counts!$B$2:$B$2903,$C$3,Counts!$C$2:$C$2903,$B20,Counts!$F$2:$F$2903,"Aug"),""))) -> 0.29968 | H20: =IF($B20="","",IF(SUMIFS(Counts!$P$2:$P$2903,Counts!$B$2:$B$2903,$C$3,Counts!$C$2:$C$2903,$B20,Counts!$F$2:$F$2903,"Sep")<Guide!$C$25,"",IFERROR(SUMIFS(Counts!$AB$2:$AB$2903,Counts!$B$2:$B$2903,$C$3,Counts!$C$2:$C$2903,$B20,Counts!$F$2:$F$2903,"Sep")/SUMIFS(Counts!$AA$2:$AA$2903,Counts!$B$2:$B$2903,$C$3,Counts!$C$2:$C$2903,$B20,Counts!$F$2:$F$2903,"Sep"),""))) -> 0.2674878 | I20: =IF($B20="","",IFERROR(SUMIFS(Counts!$AB$2:$AB$2903,Counts!$B$2:$B$2903,$C$3,Counts!$C$2:$C$2903,$B20)/SUMIFS(Counts!$AA$2:$AA$2903,Counts!$B$2:$B$2903,$C$3,Counts!$C$2:$C$2903,$B20),"")) -> 0.29137949
B21: =IF(15<=COUNTIF(Lists!$F$1:$F$556,$C$3),INDEX(Lists!$G$1:$G$556,MATCH($C$3,Lists!$F$1:$F$556,0)+14),"") -> Donovan Walton | C21: =IF($B21="","",IF(SUMIFS(Counts!$P$2:$P$2903,Counts!$B$2:$B$2903,$C$3,Counts!$C$2:$C$2903,$B21,Counts!$F$2:$F$2903,"Mar-Apr")<Guide!$C$25,"",IFERROR(SUMIFS(Counts!$AB$2:$AB$2903,Counts!$B$2:$B$2903,$C$3,Counts!$C$2:$C$2903,$B21,Counts!$F$2:$F$2903,"Mar-Apr")/SUMIFS(Counts!$AA$2:$AA$2903,Counts!$B$2:$B$2903,$C$3,Counts!$C$2:$C$2903,$B21,Counts!$F$2:$F$2903,"Mar-Apr"),""))) | D21: =IF($B21="","",IF(SUMIFS(Counts!$P$2:$P$2903,Counts!$B$2:$B$2903,$C$3,Counts!$C$2:$C$2903,$B21,Counts!$F$2:$F$2903,"May")<Guide!$C$25,"",IFERROR(SUMIFS(Counts!$AB$2:$AB$2903,Counts!$B$2:$B$2903,$C$3,Counts!$C$2:$C$2903,$B21,Counts!$F$2:$F$2903,"May")/SUMIFS(Counts!$AA$2:$AA$2903,Counts!$B$2:$B$2903,$C$3,Counts!$C$2:$C$2903,$B21,Counts!$F$2:$F$2903,"May"),""))) | E21: =IF($B21="","",IF(SUMIFS(Counts!$P$2:$P$2903,Counts!$B$2:$B$2903,$C$3,Counts!$C$2:$C$2903,$B21,Counts!$F$2:$F$2903,"Jun")<Guide!$C$25,"",IFERROR(SUMIFS(Counts!$AB$2:$AB$2903,Counts!$B$2:$B$2903,$C$3,Counts!$C$2:$C$2903,$B21,Counts!$F$2:$F$2903,"Jun")/SUMIFS(Counts!$AA$2:$AA$2903,Counts!$B$2:$B$2903,$C$3,Counts!$C$2:$C$2903,$B21,Counts!$F$2:$F$2903,"Jun"),""))) | F21: =IF($B21="","",IF(SUMIFS(Counts!$P$2:$P$2903,Counts!$B$2:$B$2903,$C$3,Counts!$C$2:$C$2903,$B21,Counts!$F$2:$F$2903,"Jul")<Guide!$C$25,"",IFERROR(SUMIFS(Counts!$AB$2:$AB$2903,Counts!$B$2:$B$2903,$C$3,Counts!$C$2:$C$2903,$B21,Counts!$F$2:$F$2903,"Jul")/SUMIFS(Counts!$AA$2:$AA$2903,Counts!$B$2:$B$2903,$C$3,Counts!$C$2:$C$2903,$B21,Counts!$F$2:$F$2903,"Jul"),""))) -> 0.32970968 | G21: =IF($B21="","",IF(SUMIFS(Counts!$P$2:$P$2903,Counts!$B$2:$B$2903,$C$3,Counts!$C$2:$C$2903,$B21,Counts!$F$2:$F$2903,"Aug")<Guide!$C$25,"",IFERROR(SUMIFS(Counts!$AB$2:$AB$2903,Counts!$B$2:$B$2903,$C$3,Counts!$C$2:$C$2903,$B21,Counts!$F$2:$F$2903,"Aug")/SUMIFS(Counts!$AA$2:$AA$2903,Counts!$B$2:$B$2903,$C$3,Counts!$C$2:$C$2903,$B21,Counts!$F$2:$F$2903,"Aug"),""))) -> 0.3449697 | H21: =IF($B21="","",IF(SUMIFS(Counts!$P$2:$P$2903,Counts!$B$2:$B$2903,$C$3,Counts!$C$2:$C$2903,$B21,Counts!$F$2:$F$2903,"Sep")<Guide!$C$25,"",IFERROR(SUMIFS(Counts!$AB$2:$AB$2903,Counts!$B$2:$B$2903,$C$3,Counts!$C$2:$C$2903,$B21,Counts!$F$2:$F$2903,"Sep")/SUMIFS(Counts!$AA$2:$AA$2903,Counts!$B$2:$B$2903,$C$3,Counts!$C$2:$C$2903,$B21,Counts!$F$2:$F$2903,"Sep"),""))) -> 0.311375 | I21: =IF($B21="","",IFERROR(SUMIFS(Counts!$AB$2:$AB$2903,Counts!$B$2:$B$2903,$C$3,Counts!$C$2:$C$2903,$B21)/SUMIFS(Counts!$AA$2:$AA$2903,Counts!$B$2:$B$2903,$C$3,Counts!$C$2:$C$2903,$B21),"")) -> 0.32785799
B22: =IF(16<=COUNTIF(Lists!$F$1:$F$556,$C$3),INDEX(Lists!$G$1:$G$556,MATCH($C$3,Lists!$F$1:$F$556,0)+15),"") -> Darell Hernaiz | C22: =IF($B22="","",IF(SUMIFS(Counts!$P$2:$P$2903,Counts!$B$2:$B$2903,$C$3,Counts!$C$2:$C$2903,$B22,Counts!$F$2:$F$2903,"Mar-Apr")<Guide!$C$25,"",IFERROR(SUMIFS(Counts!$AB$2:$AB$2903,Counts!$B$2:$B$2903,$C$3,Counts!$C$2:$C$2903,$B22,Counts!$F$2:$F$2903,"Mar-Apr")/SUMIFS(Counts!$AA$2:$AA$2903,Counts!$B$2:$B$2903,$C$3,Counts!$C$2:$C$2903,$B22,Counts!$F$2:$F$2903,"Mar-Apr"),""))) -> 0.25409091 | D22: =IF($B22="","",IF(SUMIFS(Counts!$P$2:$P$2903,Counts!$B$2:$B$2903,$C$3,Counts!$C$2:$C$2903,$B22,Counts!$F$2:$F$2903,"May")<Guide!$C$25,"",IFERROR(SUMIFS(Counts!$AB$2:$AB$2903,Counts!$B$2:$B$2903,$C$3,Counts!$C$2:$C$2903,$B22,Counts!$F$2:$F$2903,"May")/SUMIFS(Counts!$AA$2:$AA$2903,Counts!$B$2:$B$2903,$C$3,Counts!$C$2:$C$2903,$B22,Counts!$F$2:$F$2903,"May"),""))) -> 0.28317949 | E22: =IF($B22="","",IF(SUMIFS(Counts!$P$2:$P$2903,Counts!$B$2:$B$2903,$C$3,Counts!$C$2:$C$2903,$B22,Counts!$F$2:$F$2903,"Jun")<Guide!$C$25,"",IFERROR(SUMIFS(Counts!$AB$2:$AB$2903,Counts!$B$2:$B$2903,$C$3,Counts!$C$2:$C$2903,$B22,Counts!$F$2:$F$2903,"Jun")/SUMIFS(Counts!$AA$2:$AA$2903,Counts!$B$2:$B$2903,$C$3,Counts!$C$2:$C$2903,$B22,Counts!$F$2:$F$2903,"Jun"),""))) | F22: =IF($B22="","",IF(SUMIFS(Counts!$P$2:$P$2903,Counts!$B$2:$B$2903,$C$3,Counts!$C$2:$C$2903,$B22,Counts!$F$2:$F$2903,"Jul")<Guide!$C$25,"",IFERROR(SUMIFS(Counts!$AB$2:$AB$2903,Counts!$B$2:$B$2903,$C$3,Counts!$C$2:$C$2903,$B22,Counts!$F$2:$F$2903,"Jul")/SUMIFS(Counts!$AA$2:$AA$2903,Counts!$B$2:$B$2903,$C$3,Counts!$C$2:$C$2903,$B22,Counts!$F$2:$F$2903,"Jul"),""))) | G22: =IF($B22="","",IF(SUMIFS(Counts!$P$2:$P$2903,Counts!$B$2:$B$2903,$C$3,Counts!$C$2:$C$2903,$B22,Counts!$F$2:$F$2903,"Aug")<Guide!$C$25,"",IFERROR(SUMIFS(Counts!$AB$2:$AB$2903,Counts!$B$2:$B$2903,$C$3,Counts!$C$2:$C$2903,$B22,Counts!$F$2:$F$2903,"Aug")/SUMIFS(Counts!$AA$2:$AA$2903,Counts!$B$2:$B$2903,$C$3,Counts!$C$2:$C$2903,$B22,Counts!$F$2:$F$2903,"Aug"),""))) -> 0.28114286 | H22: =IF($B22="","",IF(SUMIFS(Counts!$P$2:$P$2903,Counts!$B$2:$B$2903,$C$3,Counts!$C$2:$C$2903,$B22,Counts!$F$2:$F$2903,"Sep")<Guide!$C$25,"",IFERROR(SUMIFS(Counts!$AB$2:$AB$2903,Counts!$B$2:$B$2903,$C$3,Counts!$C$2:$C$2903,$B22,Counts!$F$2:$F$2903,"Sep")/SUMIFS(Counts!$AA$2:$AA$2903,Counts!$B$2:$B$2903,$C$3,Counts!$C$2:$C$2903,$B22,Counts!$F$2:$F$2903,"Sep"),""))) | I22: =IF($B22="","",IFERROR(SUMIFS(Counts!$AB$2:$AB$2903,Counts!$B$2:$B$2903,$C$3,Counts!$C$2:$C$2903,$B22)/SUMIFS(Counts!$AA$2:$AA$2903,Counts!$B$2:$B$2903,$C$3,Counts!$C$2:$C$2903,$B22),"")) -> 0.2621871
B23: =IF(17<=COUNTIF(Lists!$F$1:$F$556,$C$3),INDEX(Lists!$G$1:$G$556,MATCH($C$3,Lists!$F$1:$F$556,0)+16),"") -> Colby Thomas | C23: =IF($B23="","",IF(SUMIFS(Counts!$P$2:$P$2903,Counts!$B$2:$B$2903,$C$3,Counts!$C$2:$C$2903,$B23,Counts!$F$2:$F$2903,"Mar-Apr")<Guide!$C$25,"",IFERROR(SUMIFS(Counts!$AB$2:$AB$2903,Counts!$B$2:$B$2903,$C$3,Counts!$C$2:$C$2903,$B23,Counts!$F$2:$F$2903,"Mar-Apr")/SUMIFS(Counts!$AA$2:$AA$2903,Counts!$B$2:$B$2903,$C$3,Counts!$C$2:$C$2903,$B23,Counts!$F$2:$F$2903,"Mar-Apr"),""))) | D23: =IF($B23="","",IF(SUMIFS(Counts!$P$2:$P$2903,Counts!$B$2:$B$2903,$C$3,Counts!$C$2:$C$2903,$B23,Counts!$F$2:$F$2903,"May")<Guide!$C$25,"",IFERROR(SUMIFS(Counts!$AB$2:$AB$2903,Counts!$B$2:$B$2903,$C$3,Counts!$C$2:$C$2903,$B23,Counts!$F$2:$F$2903,"May")/SUMIFS(Counts!$AA$2:$AA$2903,Counts!$B$2:$B$2903,$C$3,Counts!$C$2:$C$2903,$B23,Counts!$F$2:$F$2903,"May"),""))) -> 0.28227273 | E23: =IF($B23="","",IF(SUMIFS(Counts!$P$2:$P$2903,Counts!$B$2:$B$2903,$C$3,Counts!$C$2:$C$2903,$B23,Counts!$F$2:$F$2903,"Jun")<Guide!$C$25,"",IFERROR(SUMIFS(Counts!$AB$2:$AB$2903,Counts!$B$2:$B$2903,$C$3,Counts!$C$2:$C$2903,$B23,Counts!$F$2:$F$2903,"Jun")/SUMIFS(Counts!$AA$2:$AA$2903,Counts!$B$2:$B$2903,$C$3,Counts!$C$2:$C$2903,$B23,Counts!$F$2:$F$2903,"Jun"),""))) -> 0.287425 | F23: =IF($B23="","",IF(SUMIFS(Counts!$P$2:$P$2903,Counts!$B$2:$B$2903,$C$3,Counts!$C$2:$C$2903,$B23,Counts!$F$2:$F$2903,"Jul")<Guide!$C$25,"",IFERROR(SUMIFS(Counts!$AB$2:$AB$2903,Counts!$B$2:$B$2903,$C$3,Counts!$C$2:$C$2903,$B23,Counts!$F$2:$F$2903,"Jul")/SUMIFS(Counts!$AA$2:$AA$2903,Counts!$B$2:$B$2903,$C$3,Counts!$C$2:$C$2903,$B23,Counts!$F$2:$F$2903,"Jul"),""))) -> 0.14902857 | G23: =IF($B23="","",IF(SUMIFS(Counts!$P$2:$P$2903,Counts!$B$2:$B$2903,$C$3,Counts!$C$2:$C$2903,$B23,Counts!$F$2:$F$2903,"Aug")<Guide!$C$25,"",IFERROR(SUMIFS(Counts!$AB$2:$AB$2903,Counts!$B$2:$B$2903,$C$3,Counts!$C$2:$C$2903,$B23,Counts!$F$2:$F$2903,"Aug")/SUMIFS(Counts!$AA$2:$AA$2903,Counts!$B$2:$B$2903,$C$3,Counts!$C$2:$C$2903,$B23,Counts!$F$2:$F$2903,"Aug"),""))) | H23: =IF($B23="","",IF(SUMIFS(Counts!$P$2:$P$2903,Counts!$B$2:$B$2903,$C$3,Counts!$C$2:$C$2903,$B23,Counts!$F$2:$F$2903,"Sep")<Guide!$C$25,"",IFERROR(SUMIFS(Counts!$AB$2:$AB$2903,Counts!$B$2:$B$2903,$C$3,Counts!$C$2:$C$2903,$B23,Counts!$F$2:$F$2903,"Sep")/SUMIFS(Counts!$AA$2:$AA$2903,Counts!$B$2:$B$2903,$C$3,Counts!$C$2:$C$2903,$B23,Counts!$F$2:$F$2903,"Sep"),""))) | I23: =IF($B23="","",IFERROR(SUMIFS(Counts!$AB$2:$AB$2903,Counts!$B$2:$B$2903,$C$3,Counts!$C$2:$C$2903,$B23)/SUMIFS(Counts!$AA$2:$AA$2903,Counts!$B$2:$B$2903,$C$3,Counts!$C$2:$C$2903,$B23),"")) -> 0.24821008
B24: =IF(18<=COUNTIF(Lists!$F$1:$F$556,$C$3),INDEX(Lists!$G$1:$G$556,MATCH($C$3,Lists!$F$1:$F$556,0)+17),"") -> Denzel Clarke | C24: =IF($B24="","",IF(SUMIFS(Counts!$P$2:$P$2903,Counts!$B$2:$B$2903,$C$3,Counts!$C$2:$C$2903,$B24,Counts!$F$2:$F$2903,"Mar-Apr")<Guide!$C$25,"",IFERROR(SUMIFS(Counts!$AB$2:$AB$2903,Counts!$B$2:$B$2903,$C$3,Counts!$C$2:$C$2903,$B24,Counts!$F$2:$F$2903,"Mar-Apr")/SUMIFS(Counts!$AA$2:$AA$2903,Counts!$B$2:$B$2903,$C$3,Counts!$C$2:$C$2903,$B24,Counts!$F$2:$F$2903,"Mar-Apr"),""))) -> 0.19278571 | D24: =IF($B24="","",IF(SUMIFS(Counts!$P$2:$P$2903,Counts!$B$2:$B$2903,$C$3,Counts!$C$2:$C$2903,$B24,Counts!$F$2:$F$2903,"May")<Guide!$C$25,"",IFERROR(SUMIFS(Counts!$AB$2:$AB$2903,Counts!$B$2:$B$2903,$C$3,Counts!$C$2:$C$2903,$B24,Counts!$F$2:$F$2903,"May")/SUMIFS(Counts!$AA$2:$AA$2903,Counts!$B$2:$B$2903,$C$3,Counts!$C$2:$C$2903,$B24,Counts!$F$2:$F$2903,"May"),""))) | E24: =IF($B24="","",IF(SUMIFS(Counts!$P$2:$P$2903,Counts!$B$2:$B$2903,$C$3,Counts!$C$2:$C$2903,$B24,Counts!$F$2:$F$2903,"Jun")<Guide!$C$25,"",IFERROR(SUMIFS(Counts!$AB$2:$AB$2903,Counts!$B$2:$B$2903,$C$3,Counts!$C$2:$C$2903,$B24,Counts!$F$2:$F$2903,"Jun")/SUMIFS(Counts!$AA$2:$AA$2903,Counts!$B$2:$B$2903,$C$3,Counts!$C$2:$C$2903,$B24,Counts!$F$2:$F$2903,"Jun"),""))) | F24: =IF($B24="","",IF(SUMIFS(Counts!$P$2:$P$2903,Counts!$B$2:$B$2903,$C$3,Counts!$C$2:$C$2903,$B24,Counts!$F$2:$F$2903,"Jul")<Guide!$C$25,"",IFERROR(SUMIFS(Counts!$AB$2:$AB$2903,Counts!$B$2:$B$2903,$C$3,Counts!$C$2:$C$2903,$B24,Counts!$F$2:$F$2903,"Jul")/SUMIFS(Counts!$AA$2:$AA$2903,Counts!$B$2:$B$2903,$C$3,Counts!$C$2:$C$2903,$B24,Counts!$F$2:$F$2903,"Jul"),""))) | G24: =IF($B24="","",IF(SUMIFS(Counts!$P$2:$P$2903,Counts!$B$2:$B$2903,$C$3,Counts!$C$2:$C$2903,$B24,Counts!$F$2:$F$2903,"Aug")<Guide!$C$25,"",IFERROR(SUMIFS(Counts!$AB$2:$AB$2903,Counts!$B$2:$B$2903,$C$3,Counts!$C$2:$C$2903,$B24,Counts!$F$2:$F$2903,"Aug")/SUMIFS(Counts!$AA$2:$AA$2903,Counts!$B$2:$B$2903,$C$3,Counts!$C$2:$C$2903,$B24,Counts!$F$2:$F$2903,"Aug"),""))) | H24: =IF($B24="","",IF(SUMIFS(Counts!$P$2:$P$2903,Counts!$B$2:$B$2903,$C$3,Counts!$C$2:$C$2903,$B24,Counts!$F$2:$F$2903,"Sep")<Guide!$C$25,"",IFERROR(SUMIFS(Counts!$AB$2:$AB$2903,Counts!$B$2:$B$2903,$C$3,Counts!$C$2:$C$2903,$B24,Counts!$F$2:$F$2903,"Sep")/SUMIFS(Counts!$AA$2:$AA$2903,Counts!$B$2:$B$2903,$C$3,Counts!$C$2:$C$2903,$B24,Counts!$F$2:$F$2903,"Sep"),""))) -> 0.24262963 | I24: =IF($B24="","",IFERROR(SUMIFS(Counts!$AB$2:$AB$2903,Counts!$B$2:$B$2903,$C$3,Counts!$C$2:$C$2903,$B24)/SUMIFS(Counts!$AA$2:$AA$2903,Counts!$B$2:$B$2903,$C$3,Counts!$C$2:$C$2903,$B24),"")) -> 0.209
B25: =IF(19<=COUNTIF(Lists!$F$1:$F$556,$C$3),INDEX(Lists!$G$1:$G$556,MATCH($C$3,Lists!$F$1:$F$556,0)+18),"") -> Brian Serven | C25: =IF($B25="","",IF(SUMIFS(Counts!$P$2:$P$2903,Counts!$B$2:$B$2903,$C$3,Counts!$C$2:$C$2903,$B25,Counts!$F$2:$F$2903,"Mar-Apr")<Guide!$C$25,"",IFERROR(SUMIFS(Counts!$AB$2:$AB$2903,Counts!$B$2:$B$2903,$C$3,Counts!$C$2:$C$2903,$B25,Counts!$F$2:$F$2903,"Mar-Apr")/SUMIFS(Counts!$AA$2:$AA$2903,Counts!$B$2:$B$2903,$C$3,Counts!$C$2:$C$2903,$B25,Counts!$F$2:$F$2903,"Mar-Apr"),""))) | D25: =IF($B25="","",IF(SUMIFS(Counts!$P$2:$P$2903,Counts!$B$2:$B$2903,$C$3,Counts!$C$2:$C$2903,$B25,Counts!$F$2:$F$2903,"May")<Guide!$C$25,"",IFERROR(SUMIFS(Counts!$AB$2:$AB$2903,Counts!$B$2:$B$2903,$C$3,Counts!$C$2:$C$2903,$B25,Counts!$F$2:$F$2903,"May")/SUMIFS(Counts!$AA$2:$AA$2903,Counts!$B$2:$B$2903,$C$3,Counts!$C$2:$C$2903,$B25,Counts!$F$2:$F$2903,"May"),""))) | E25: =IF($B25="","",IF(SUMIFS(Counts!$P$2:$P$2903,Counts!$B$2:$B$2903,$C$3,Counts!$C$2:$C$2903,$B25,Counts!$F$2:$F$2903,"Jun")<Guide!$C$25,"",IFERROR(SUMIFS(Counts!$AB$2:$AB$2903,Counts!$B$2:$B$2903,$C$3,Counts!$C$2:$C$2903,$B25,Counts!$F$2:$F$2903,"Jun")/SUMIFS(Counts!$AA$2:$AA$2903,Counts!$B$2:$B$2903,$C$3,Counts!$C$2:$C$2903,$B25,Counts!$F$2:$F$2903,"Jun"),""))) | F25: =IF($B25="","",IF(SUMIFS(Counts!$P$2:$P$2903,Counts!$B$2:$B$2903,$C$3,Counts!$C$2:$C$2903,$B25,Counts!$F$2:$F$2903,"Jul")<Guide!$C$25,"",IFERROR(SUMIFS(Counts!$AB$2:$AB$2903,Counts!$B$2:$B$2903,$C$3,Counts!$C$2:$C$2903,$B25,Counts!$F$2:$F$2903,"Jul")/SUMIFS(Counts!$AA$2:$AA$2903,Counts!$B$2:$B$2903,$C$3,Counts!$C$2:$C$2903,$B25,Counts!$F$2:$F$2903,"Jul"),""))) | G25: =IF($B25="","",IF(SUMIFS(Counts!$P$2:$P$2903,Counts!$B$2:$B$2903,$C$3,Counts!$C$2:$C$2903,$B25,Counts!$F$2:$F$2903,"Aug")<Guide!$C$25,"",IFERROR(SUMIFS(Counts!$AB$2:$AB$2903,Counts!$B$2:$B$2903,$C$3,Counts!$C$2:$C$2903,$B25,Counts!$F$2:$F$2903,"Aug")/SUMIFS(Counts!$AA$2:$AA$2903,Counts!$B$2:$B$2903,$C$3,Counts!$C$2:$C$2903,$B25,Counts!$F$2:$F$2903,"Aug"),""))) -> 0.30895556 | H25: =IF($B25="","",IF(SUMIFS(Counts!$P$2:$P$2903,Counts!$B$2:$B$2903,$C$3,Counts!$C$2:$C$2903,$B25,Counts!$F$2:$F$2903,"Sep")<Guide!$C$25,"",IFERROR(SUMIFS(Counts!$AB$2:$AB$2903,Counts!$B$2:$B$2903,$C$3,Counts!$C$2:$C$2903,$B25,Counts!$F$2:$F$2903,"Sep")/SUMIFS(Counts!$AA$2:$AA$2903,Counts!$B$2:$B$2903,$C$3,Counts!$C$2:$C$2903,$B25,Counts!$F$2:$F$2903,"Sep"),""))) -> 0.21784375 | I25: =IF($B25="","",IFERROR(SUMIFS(Counts!$AB$2:$AB$2903,Counts!$B$2:$B$2903,$C$3,Counts!$C$2:$C$2903,$B25)/SUMIFS(Counts!$AA$2:$AA$2903,Counts!$B$2:$B$2903,$C$3,Counts!$C$2:$C$2903,$B25),"")) -> 0.27837647
B26: =IF(20<=COUNTIF(Lists!$F$1:$F$556,$C$3),INDEX(Lists!$G$1:$G$556,MATCH($C$3,Lists!$F$1:$F$556,0)+19),"") -> Joshua Kuroda-Grauer | C26: =IF($B26="","",IF(SUMIFS(Counts!$P$2:$P$2903,Counts!$B$2:$B$2903,$C$3,Counts!$C$2:$C$2903,$B26,Counts!$F$2:$F$2903,"Mar-Apr")<Guide!$C$25,"",IFERROR(SUMIFS(Counts!$AB$2:$AB$2903,Counts!$B$2:$B$2903,$C$3,Counts!$C$2:$C$2903,$B26,Counts!$F$2:$F$2903,"Mar-Apr")/SUMIFS(Counts!$AA$2:$AA$2903,Counts!$B$2:$B$2903,$C$3,Counts!$C$2:$C$2903,$B26,Counts!$F$2:$F$2903,"Mar-Apr"),""))) | D26: =IF($B26="","",IF(SUMIFS(Counts!$P$2:$P$2903,Counts!$B$2:$B$2903,$C$3,Counts!$C$2:$C$2903,$B26,Counts!$F$2:$F$2903,"May")<Guide!$C$25,"",IFERROR(SUMIFS(Counts!$AB$2:$AB$2903,Counts!$B$2:$B$2903,$C$3,Counts!$C$2:$C$2903,$B26,Counts!$F$2:$F$2903,"May")/SUMIFS(Counts!$AA$2:$AA$2903,Counts!$B$2:$B$2903,$C$3,Counts!$C$2:$C$2903,$B26,Counts!$F$2:$F$2903,"May"),""))) | E26: =IF($B26="","",IF(SUMIFS(Counts!$P$2:$P$2903,Counts!$B$2:$B$2903,$C$3,Counts!$C$2:$C$2903,$B26,Counts!$F$2:$F$2903,"Jun")<Guide!$C$25,"",IFERROR(SUMIFS(Counts!$AB$2:$AB$2903,Counts!$B$2:$B$2903,$C$3,Counts!$C$2:$C$2903,$B26,Counts!$F$2:$F$2903,"Jun")/SUMIFS(Counts!$AA$2:$AA$2903,Counts!$B$2:$B$2903,$C$3,Counts!$C$2:$C$2903,$B26,Counts!$F$2:$F$2903,"Jun"),""))) | F26: =IF($B26="","",IF(SUMIFS(Counts!$P$2:$P$2903,Counts!$B$2:$B$2903,$C$3,Counts!$C$2:$C$2903,$B26,Counts!$F$2:$F$2903,"Jul")<Guide!$C$25,"",IFERROR(SUMIFS(Counts!$AB$2:$AB$2903,Counts!$B$2:$B$2903,$C$3,Counts!$C$2:$C$2903,$B26,Counts!$F$2:$F$2903,"Jul")/SUMIFS(Counts!$AA$2:$AA$2903,Counts!$B$2:$B$2903,$C$3,Counts!$C$2:$C$2903,$B26,Counts!$F$2:$F$2903,"Jul"),""))) -> 0.3262037 | G26: =IF($B26="","",IF(SUMIFS(Counts!$P$2:$P$2903,Counts!$B$2:$B$2903,$C$3,Counts!$C$2:$C$2903,$B26,Counts!$F$2:$F$2903,"Aug")<Guide!$C$25,"",IFERROR(SUMIFS(Counts!$AB$2:$AB$2903,Counts!$B$2:$B$2903,$C$3,Counts!$C$2:$C$2903,$B26,Counts!$F$2:$F$2903,"Aug")/SUMIFS(Counts!$AA$2:$AA$2903,Counts!$B$2:$B$2903,$C$3,Counts!$C$2:$C$2903,$B26,Counts!$F$2:$F$2903,"Aug"),""))) | H26: =IF($B26="","",IF(SUMIFS(Counts!$P$2:$P$2903,Counts!$B$2:$B$2903,$C$3,Counts!$C$2:$C$2903,$B26,Counts!$F$2:$F$2903,"Sep")<Guide!$C$25,"",IFERROR(SUMIFS(Counts!$AB$2:$AB$2903,Counts!$B$2:$B$2903,$C$3,Counts!$C$2:$C$2903,$B26,Counts!$F$2:$F$2903,"Sep")/SUMIFS(Counts!$AA$2:$AA$2903,Counts!$B$2:$B$2903,$C$3,Counts!$C$2:$C$2903,$B26,Counts!$F$2:$F$2903,"Sep"),""))) | I26: =IF($B26="","",IFERROR(SUMIFS(Counts!$AB$2:$AB$2903,Counts!$B$2:$B$2903,$C$3,Counts!$C$2:$C$2903,$B26)/SUMIFS(Counts!$AA$2:$AA$2903,Counts!$B$2:$B$2903,$C$3,Counts!$C$2:$C$2903,$B26),"")) -> 0.31130137
B27: =IF(21<=COUNTIF(Lists!$F$1:$F$556,$C$3),INDEX(Lists!$G$1:$G$556,MATCH($C$3,Lists!$F$1:$F$556,0)+20),"") | C27: =IF($B27="","",IF(SUMIFS(Counts!$P$2:$P$2903,Counts!$B$2:$B$2903,$C$3,Counts!$C$2:$C$2903,$B27,Counts!$F$2:$F$2903,"Mar-Apr")<Guide!$C$25,"",IFERROR(SUMIFS(Counts!$AB$2:$AB$2903,Counts!$B$2:$B$2903,$C$3,Counts!$C$2:$C$2903,$B27,Counts!$F$2:$F$2903,"Mar-Apr")/SUMIFS(Counts!$AA$2:$AA$2903,Counts!$B$2:$B$2903,$C$3,Counts!$C$2:$C$2903,$B27,Counts!$F$2:$F$2903,"Mar-Apr"),""))) | D27: =IF($B27="","",IF(SUMIFS(Counts!$P$2:$P$2903,Counts!$B$2:$B$2903,$C$3,Counts!$C$2:$C$2903,$B27,Counts!$F$2:$F$2903,"May")<Guide!$C$25,"",IFERROR(SUMIFS(Counts!$AB$2:$AB$2903,Counts!$B$2:$B$2903,$C$3,Counts!$C$2:$C$2903,$B27,Counts!$F$2:$F$2903,"May")/SUMIFS(Counts!$AA$2:$AA$2903,Counts!$B$2:$B$2903,$C$3,Counts!$C$2:$C$2903,$B27,Counts!$F$2:$F$2903,"May"),""))) | E27: =IF($B27="","",IF(SUMIFS(Counts!$P$2:$P$2903,Counts!$B$2:$B$2903,$C$3,Counts!$C$2:$C$2903,$B27,Counts!$F$2:$F$2903,"Jun")<Guide!$C$25,"",IFERROR(SUMIFS(Counts!$AB$2:$AB$2903,Counts!$B$2:$B$2903,$C$3,Counts!$C$2:$C$2903,$B27,Counts!$F$2:$F$2903,"Jun")/SUMIFS(Counts!$AA$2:$AA$2903,Counts!$B$2:$B$2903,$C$3,Counts!$C$2:$C$2903,$B27,Counts!$F$2:$F$2903,"Jun"),""))) | F27: =IF($B27="","",IF(SUMIFS(Counts!$P$2:$P$2903,Counts!$B$2:$B$2903,$C$3,Counts!$C$2:$C$2903,$B27,Counts!$F$2:$F$2903,"Jul")<Guide!$C$25,"",IFERROR(SUMIFS(Counts!$AB$2:$AB$2903,Counts!$B$2:$B$2903,$C$3,Counts!$C$2:$C$2903,$B27,Counts!$F$2:$F$2903,"Jul")/SUMIFS(Counts!$AA$2:$AA$2903,Counts!$B$2:$B$2903,$C$3,Counts!$C$2:$C$2903,$B27,Counts!$F$2:$F$2903,"Jul"),""))) | G27: =IF($B27="","",IF(SUMIFS(Counts!$P$2:$P$2903,Counts!$B$2:$B$2903,$C$3,Counts!$C$2:$C$2903,$B27,Counts!$F$2:$F$2903,"Aug")<Guide!$C$25,"",IFERROR(SUMIFS(Counts!$AB$2:$AB$2903,Counts!$B$2:$B$2903,$C$3,Counts!$C$2:$C$2903,$B27,Counts!$F$2:$F$2903,"Aug")/SUMIFS(Counts!$AA$2:$AA$2903,Counts!$B$2:$B$2903,$C$3,Counts!$C$2:$C$2903,$B27,Counts!$F$2:$F$2903,"Aug"),""))) | H27: =IF($B27="","",IF(SUMIFS(Counts!$P$2:$P$2903,Counts!$B$2:$B$2903,$C$3,Counts!$C$2:$C$2903,$B27,Counts!$F$2:$F$2903,"Sep")<Guide!$C$25,"",IFERROR(SUMIFS(Counts!$AB$2:$AB$2903,Counts!$B$2:$B$2903,$C$3,Counts!$C$2:$C$2903,$B27,Counts!$F$2:$F$2903,"Sep")/SUMIFS(Counts!$AA$2:$AA$2903,Counts!$B$2:$B$2903,$C$3,Counts!$C$2:$C$2903,$B27,Counts!$F$2:$F$2903,"Sep"),""))) | I27: =IF($B27="","",IFERROR(SUMIFS(Counts!$AB$2:$AB$2903,Counts!$B$2:$B$2903,$C$3,Counts!$C$2:$C$2903,$B27)/SUMIFS(Counts!$AA$2:$AA$2903,Counts!$B$2:$B$2903,$C$3,Counts!$C$2:$C$2903,$B27),""))
B28: =IF(22<=COUNTIF(Lists!$F$1:$F$556,$C$3),INDEX(Lists!$G$1:$G$556,MATCH($C$3,Lists!$F$1:$F$556,0)+21),"") | C28: =IF($B28="","",IF(SUMIFS(Counts!$P$2:$P$2903,Counts!$B$2:$B$2903,$C$3,Counts!$C$2:$C$2903,$B28,Counts!$F$2:$F$2903,"Mar-Apr")<Guide!$C$25,"",IFERROR(SUMIFS(Counts!$AB$2:$AB$2903,Counts!$B$2:$B$2903,$C$3,Counts!$C$2:$C$2903,$B28,Counts!$F$2:$F$2903,"Mar-Apr")/SUMIFS(Counts!$AA$2:$AA$2903,Counts!$B$2:$B$2903,$C$3,Counts!$C$2:$C$2903,$B28,Counts!$F$2:$F$2903,"Mar-Apr"),""))) | D28: =IF($B28="","",IF(SUMIFS(Counts!$P$2:$P$2903,Counts!$B$2:$B$2903,$C$3,Counts!$C$2:$C$2903,$B28,Counts!$F$2:$F$2903,"May")<Guide!$C$25,"",IFERROR(SUMIFS(Counts!$AB$2:$AB$2903,Counts!$B$2:$B$2903,$C$3,Counts!$C$2:$C$2903,$B28,Counts!$F$2:$F$2903,"May")/SUMIFS(Counts!$AA$2:$AA$2903,Counts!$B$2:$B$2903,$C$3,Counts!$C$2:$C$2903,$B28,Counts!$F$2:$F$2903,"May"),""))) | E28: =IF($B28="","",IF(SUMIFS(Counts!$P$2:$P$2903,Counts!$B$2:$B$2903,$C$3,Counts!$C$2:$C$2903,$B28,Counts!$F$2:$F$2903,"Jun")<Guide!$C$25,"",IFERROR(SUMIFS(Counts!$AB$2:$AB$2903,Counts!$B$2:$B$2903,$C$3,Counts!$C$2:$C$2903,$B28,Counts!$F$2:$F$2903,"Jun")/SUMIFS(Counts!$AA$2:$AA$2903,Counts!$B$2:$B$2903,$C$3,Counts!$C$2:$C$2903,$B28,Counts!$F$2:$F$2903,"Jun"),""))) | F28: =IF($B28="","",IF(SUMIFS(Counts!$P$2:$P$2903,Counts!$B$2:$B$2903,$C$3,Counts!$C$2:$C$2903,$B28,Counts!$F$2:$F$2903,"Jul")<Guide!$C$25,"",IFERROR(SUMIFS(Counts!$AB$2:$AB$2903,Counts!$B$2:$B$2903,$C$3,Counts!$C$2:$C$2903,$B28,Counts!$F$2:$F$2903,"Jul")/SUMIFS(Counts!$AA$2:$AA$2903,Counts!$B$2:$B$2903,$C$3,Counts!$C$2:$C$2903,$B28,Counts!$F$2:$F$2903,"Jul"),""))) | G28: =IF($B28="","",IF(SUMIFS(Counts!$P$2:$P$2903,Counts!$B$2:$B$2903,$C$3,Counts!$C$2:$C$2903,$B28,Counts!$F$2:$F$2903,"Aug")<Guide!$C$25,"",IFERROR(SUMIFS(Counts!$AB$2:$AB$2903,Counts!$B$2:$B$2903,$C$3,Counts!$C$2:$C$2903,$B28,Counts!$F$2:$F$2903,"Aug")/SUMIFS(Counts!$AA$2:$AA$2903,Counts!$B$2:$B$2903,$C$3,Counts!$C$2:$C$2903,$B28,Counts!$F$2:$F$2903,"Aug"),""))) | H28: =IF($B28="","",IF(SUMIFS(Counts!$P$2:$P$2903,Counts!$B$2:$B$2903,$C$3,Counts!$C$2:$C$2903,$B28,Counts!$F$2:$F$2903,"Sep")<Guide!$C$25,"",IFERROR(SUMIFS(Counts!$AB$2:$AB$2903,Counts!$B$2:$B$2903,$C$3,Counts!$C$2:$C$2903,$B28,Counts!$F$2:$F$2903,"Sep")/SUMIFS(Counts!$AA$2:$AA$2903,Counts!$B$2:$B$2903,$C$3,Counts!$C$2:$C$2903,$B28,Counts!$F$2:$F$2903,"Sep"),""))) | I28: =IF($B28="","",IFERROR(SUMIFS(Counts!$AB$2:$AB$2903,Counts!$B$2:$B$2903,$C$3,Counts!$C$2:$C$2903,$B28)/SUMIFS(Counts!$AA$2:$AA$2903,Counts!$B$2:$B$2903,$C$3,Counts!$C$2:$C$2903,$B28),""))
B29: =IF(23<=COUNTIF(Lists!$F$1:$F$556,$C$3),INDEX(Lists!$G$1:$G$556,MATCH($C$3,Lists!$F$1:$F$556,0)+22),"") | C29: =IF($B29="","",IF(SUMIFS(Counts!$P$2:$P$2903,Counts!$B$2:$B$2903,$C$3,Counts!$C$2:$C$2903,$B29,Counts!$F$2:$F$2903,"Mar-Apr")<Guide!$C$25,"",IFERROR(SUMIFS(Counts!$AB$2:$AB$2903,Counts!$B$2:$B$2903,$C$3,Counts!$C$2:$C$2903,$B29,Counts!$F$2:$F$2903,"Mar-Apr")/SUMIFS(Counts!$AA$2:$AA$2903,Counts!$B$2:$B$2903,$C$3,Counts!$C$2:$C$2903,$B29,Counts!$F$2:$F$2903,"Mar-Apr"),""))) | D29: =IF($B29="","",IF(SUMIFS(Counts!$P$2:$P$2903,Counts!$B$2:$B$2903,$C$3,Counts!$C$2:$C$2903,$B29,Counts!$F$2:$F$2903,"May")<Guide!$C$25,"",IFERROR(SUMIFS(Counts!$AB$2:$AB$2903,Counts!$B$2:$B$2903,$C$3,Counts!$C$2:$C$2903,$B29,Counts!$F$2:$F$2903,"May")/SUMIFS(Counts!$AA$2:$AA$2903,Counts!$B$2:$B$2903,$C$3,Counts!$C$2:$C$2903,$B29,Counts!$F$2:$F$2903,"May"),""))) | E29: =IF($B29="","",IF(SUMIFS(Counts!$P$2:$P$2903,Counts!$B$2:$B$2903,$C$3,Counts!$C$2:$C$2903,$B29,Counts!$F$2:$F$2903,"Jun")<Guide!$C$25,"",IFERROR(SUMIFS(Counts!$AB$2:$AB$2903,Counts!$B$2:$B$2903,$C$3,Counts!$C$2:$C$2903,$B29,Counts!$F$2:$F$2903,"Jun")/SUMIFS(Counts!$AA$2:$AA$2903,Counts!$B$2:$B$2903,$C$3,Counts!$C$2:$C$2903,$B29,Counts!$F$2:$F$2903,"Jun"),""))) | F29: =IF($B29="","",IF(SUMIFS(Counts!$P$2:$P$2903,Counts!$B$2:$B$2903,$C$3,Counts!$C$2:$C$2903,$B29,Counts!$F$2:$F$2903,"Jul")<Guide!$C$25,"",IFERROR(SUMIFS(Counts!$AB$2:$AB$2903,Counts!$B$2:$B$2903,$C$3,Counts!$C$2:$C$2903,$B29,Counts!$F$2:$F$2903,"Jul")/SUMIFS(Counts!$AA$2:$AA$2903,Counts!$B$2:$B$2903,$C$3,Counts!$C$2:$C$2903,$B29,Counts!$F$2:$F$2903,"Jul"),""))) | G29: =IF($B29="","",IF(SUMIFS(Counts!$P$2:$P$2903,Counts!$B$2:$B$2903,$C$3,Counts!$C$2:$C$2903,$B29,Counts!$F$2:$F$2903,"Aug")<Guide!$C$25,"",IFERROR(SUMIFS(Counts!$AB$2:$AB$2903,Counts!$B$2:$B$2903,$C$3,Counts!$C$2:$C$2903,$B29,Counts!$F$2:$F$2903,"Aug")/SUMIFS(Counts!$AA$2:$AA$2903,Counts!$B$2:$B$2903,$C$3,Counts!$C$2:$C$2903,$B29,Counts!$F$2:$F$2903,"Aug"),""))) | H29: =IF($B29="","",IF(SUMIFS(Counts!$P$2:$P$2903,Counts!$B$2:$B$2903,$C$3,Counts!$C$2:$C$2903,$B29,Counts!$F$2:$F$2903,"Sep")<Guide!$C$25,"",IFERROR(SUMIFS(Counts!$AB$2:$AB$2903,Counts!$B$2:$B$2903,$C$3,Counts!$C$2:$C$2903,$B29,Counts!$F$2:$F$2903,"Sep")/SUMIFS(Counts!$AA$2:$AA$2903,Counts!$B$2:$B$2903,$C$3,Counts!$C$2:$C$2903,$B29,Counts!$F$2:$F$2903,"Sep"),""))) | I29: =IF($B29="","",IFERROR(SUMIFS(Counts!$AB$2:$AB$2903,Counts!$B$2:$B$2903,$C$3,Counts!$C$2:$C$2903,$B29)/SUMIFS(Counts!$AA$2:$AA$2903,Counts!$B$2:$B$2903,$C$3,Counts!$C$2:$C$2903,$B29),""))
B32: Barrel%
B33: Hitter | C33: Mar-Apr | D33: May | E33: Jun | F33: Jul | G33: Aug | H33: Sep | I33: Season
B34: =IF(1<=COUNTIF(Lists!$F$1:$F$556,$C$3),INDEX(Lists!$G$1:$G$556,MATCH($C$3,Lists!$F$1:$F$556,0)+0),"") -> Lawrence Butler | C34: =IF($B34="","",IF(SUMIFS(Counts!$P$2:$P$2903,Counts!$B$2:$B$2903,$C$3,Counts!$C$2:$C$2903,$B34,Counts!$F$2:$F$2903,"Mar-Apr")<Guide!$C$25,"",IFERROR(SUMIFS(Counts!$AD$2:$AD$2903,Counts!$B$2:$B$2903,$C$3,Counts!$C$2:$C$2903,$B34,Counts!$F$2:$F$2903,"Mar-Apr")/SUMIFS(Counts!$AC$2:$AC$2903,Counts!$B$2:$B$2903,$C$3,Counts!$C$2:$C$2903,$B34,Counts!$F$2:$F$2903,"Mar-Apr"),""))) -> 0.075757576 | D34: =IF($B34="","",IF(SUMIFS(Counts!$P$2:$P$2903,Counts!$B$2:$B$2903,$C$3,Counts!$C$2:$C$2903,$B34,Counts!$F$2:$F$2903,"May")<Guide!$C$25,"",IFERROR(SUMIFS(Counts!$AD$2:$AD$2903,Counts!$B$2:$B$2903,$C$3,Counts!$C$2:$C$2903,$B34,Counts!$F$2:$F$2903,"May")/SUMIFS(Counts!$AC$2:$AC$2903,Counts!$B$2:$B$2903,$C$3,Counts!$C$2:$C$2903,$B34,Counts!$F$2:$F$2903,"May"),""))) -> 0.027027027 | E34: =IF($B34="","",IF(SUMIFS(Counts!$P$2:$P$2903,Counts!$B$2:$B$2903,$C$3,Counts!$C$2:$C$2903,$B34,Counts!$F$2:$F$2903,"Jun")<Guide!$C$25,"",IFERROR(SUMIFS(Counts!$AD$2:$AD$2903,Counts!$B$2:$B$2903,$C$3,Counts!$C$2:$C$2903,$B34,Counts!$F$2:$F$2903,"Jun")/SUMIFS(Counts!$AC$2:$AC$2903,Counts!$B$2:$B$2903,$C$3,Counts!$C$2:$C$2903,$B34,Counts!$F$2:$F$2903,"Jun"),""))) -> 0.093023256 | F34: =IF($B34="","",IF(SUMIFS(Counts!$P$2:$P$2903,Counts!$B$2:$B$2903,$C$3,Counts!$C$2:$C$2903,$B34,Counts!$F$2:$F$2903,"Jul")<Guide!$C$25,"",IFERROR(SUMIFS(Counts!$AD$2:$AD$2903,Counts!$B$2:$B$2903,$C$3,Counts!$C$2:$C$2903,$B34,Counts!$F$2:$F$2903,"Jul")/SUMIFS(Counts!$AC$2:$AC$2903,Counts!$B$2:$B$2903,$C$3,Counts!$C$2:$C$2903,$B34,Counts!$F$2:$F$2903,"Jul"),""))) -> 0.081632653 | G34: =IF($B34="","",IF(SUMIFS(Counts!$P$2:$P$2903,Counts!$B$2:$B$2903,$C$3,Counts!$C$2:$C$2903,$B34,Counts!$F$2:$F$2903,"Aug")<Guide!$C$25,"",IFERROR(SUMIFS(Counts!$AD$2:$AD$2903,Counts!$B$2:$B$2903,$C$3,Counts!$C$2:$C$2903,$B34,Counts!$F$2:$F$2903,"Aug")/SUMIFS(Counts!$AC$2:$AC$2903,Counts!$B$2:$B$2903,$C$3,Counts!$C$2:$C$2903,$B34,Counts!$F$2:$F$2903,"Aug"),""))) -> 0.082191781 | H34: =IF($B34="","",IF(SUMIFS(Counts!$P$2:$P$2903,Counts!$B$2:$B$2903,$C$3,Counts!$C$2:$C$2903,$B34,Counts!$F$2:$F$2903,"Sep")<Guide!$C$25,"",IFERROR(SUMIFS(Counts!$AD$2:$AD$2903,Counts!$B$2:$B$2903,$C$3,Counts!$C$2:$C$2903,$B34,Counts!$F$2:$F$2903,"Sep")/SUMIFS(Counts!$AC$2:$AC$2903,Counts!$B$2:$B$2903,$C$3,Counts!$C$2:$C$2903,$B34,Counts!$F$2:$F$2903,"Sep"),""))) -> 0.12857143 | I34: =IF($B34="","",IFERROR(SUMIFS(Counts!$AD$2:$AD$2903,Counts!$B$2:$B$2903,$C$3,Counts!$C$2:$C$2903,$B34)/SUMIFS(Counts!$AC$2:$AC$2903,Counts!$B$2:$B$2903,$C$3,Counts!$C$2:$C$2903,$B34),"")) -> 0.085798817
B35: =IF(2<=COUNTIF(Lists!$F$1:$F$556,$C$3),INDEX(Lists!$G$1:$G$556,MATCH($C$3,Lists!$F$1:$F$556,0)+1),"") -> Jeff McNeil | C35: =IF($B35="","",IF(SUMIFS(Counts!$P$2:$P$2903,Counts!$B$2:$B$2903,$C$3,Counts!$C$2:$C$2903,$B35,Counts!$F$2:$F$2903,"Mar-Apr")<Guide!$C$25,"",IFERROR(SUMIFS(Counts!$AD$2:$AD$2903,Counts!$B$2:$B$2903,$C$3,Counts!$C$2:$C$2903,$B35,Counts!$F$2:$F$2903,"Mar-Apr")/SUMIFS(Counts!$AC$2:$AC$2903,Counts!$B$2:$B$2903,$C$3,Counts!$C$2:$C$2903,$B35,Counts!$F$2:$F$2903,"Mar-Apr"),""))) -> 0.012345679 | D35: =IF($B35="","",IF(SUMIFS(Counts!$P$2:$P$2903,Counts!$B$2:$B$2903,$C$3,Counts!$C$2:$C$2903,$B35,Counts!$F$2:$F$2903,"May")<Guide!$C$25,"",IFERROR(SUMIFS(Counts!$AD$2:$AD$2903,Counts!$B$2:$B$2903,$C$3,Counts!$C$2:$C$2903,$B35,Counts!$F$2:$F$2903,"May")/SUMIFS(Counts!$AC$2:$AC$2903,Counts!$B$2:$B$2903,$C$3,Counts!$C$2:$C$2903,$B35,Counts!$F$2:$F$2903,"May"),""))) -> 0.01369863 | E35: =IF($B35="","",IF(SUMIFS(Counts!$P$2:$P$2903,Counts!$B$2:$B$2903,$C$3,Counts!$C$2:$C$2903,$B35,Counts!$F$2:$F$2903,"Jun")<Guide!$C$25,"",IFERROR(SUMIFS(Counts!$AD$2:$AD$2903,Counts!$B$2:$B$2903,$C$3,Counts!$C$2:$C$2903,$B35,Counts!$F$2:$F$2903,"Jun")/SUMIFS(Counts!$AC$2:$AC$2903,Counts!$B$2:$B$2903,$C$3,Counts!$C$2:$C$2903,$B35,Counts!$F$2:$F$2903,"Jun"),""))) -> 0 | F35: =IF($B35="","",IF(SUMIFS(Counts!$P$2:$P$2903,Counts!$B$2:$B$2903,$C$3,Counts!$C$2:$C$2903,$B35,Counts!$F$2:$F$2903,"Jul")<Guide!$C$25,"",IFERROR(SUMIFS(Counts!$AD$2:$AD$2903,Counts!$B$2:$B$2903,$C$3,Counts!$C$2:$C$2903,$B35,Counts!$F$2:$F$2903,"Jul")/SUMIFS(Counts!$AC$2:$AC$2903,Counts!$B$2:$B$2903,$C$3,Counts!$C$2:$C$2903,$B35,Counts!$F$2:$F$2903,"Jul"),""))) -> 0.018867925 | G35: =IF($B35="","",IF(SUMIFS(Counts!$P$2:$P$2903,Counts!$B$2:$B$2903,$C$3,Counts!$C$2:$C$2903,$B35,Counts!$F$2:$F$2903,"Aug")<Guide!$C$25,"",IFERROR(SUMIFS(Counts!$AD$2:$AD$2903,Counts!$B$2:$B$2903,$C$3,Counts!$C$2:$C$2903,$B35,Counts!$F$2:$F$2903,"Aug")/SUMIFS(Counts!$AC$2:$AC$2903,Counts!$B$2:$B$2903,$C$3,Counts!$C$2:$C$2903,$B35,Counts!$F$2:$F$2903,"Aug"),""))) -> 0.036585366 | H35: =IF($B35="","",IF(SUMIFS(Counts!$P$2:$P$2903,Counts!$B$2:$B$2903,$C$3,Counts!$C$2:$C$2903,$B35,Counts!$F$2:$F$2903,"Sep")<Guide!$C$25,"",IFERROR(SUMIFS(Counts!$AD$2:$AD$2903,Counts!$B$2:$B$2903,$C$3,Counts!$C$2:$C$2903,$B35,Counts!$F$2:$F$2903,"Sep")/SUMIFS(Counts!$AC$2:$AC$2903,Counts!$B$2:$B$2903,$C$3,Counts!$C$2:$C$2903,$B35,Counts!$F$2:$F$2903,"Sep"),""))) -> 0.013157895 | I35: =IF($B35="","",IFERROR(SUMIFS(Counts!$AD$2:$AD$2903,Counts!$B$2:$B$2903,$C$3,Counts!$C$2:$C$2903,$B35)/SUMIFS(Counts!$AC$2:$AC$2903,Counts!$B$2:$B$2903,$C$3,Counts!$C$2:$C$2903,$B35),"")) -> 0.016509434
B36: =IF(3<=COUNTIF(Lists!$F$1:$F$556,$C$3),INDEX(Lists!$G$1:$G$556,MATCH($C$3,Lists!$F$1:$F$556,0)+2),"") -> Henry Bolte | C36: =IF($B36="","",IF(SUMIFS(Counts!$P$2:$P$2903,Counts!$B$2:$B$2903,$C$3,Counts!$C$2:$C$2903,$B36,Counts!$F$2:$F$2903,"Mar-Apr")<Guide!$C$25,"",IFERROR(SUMIFS(Counts!$AD$2:$AD$2903,Counts!$B$2:$B$2903,$C$3,Counts!$C$2:$C$2903,$B36,Counts!$F$2:$F$2903,"Mar-Apr")/SUMIFS(Counts!$AC$2:$AC$2903,Counts!$B$2:$B$2903,$C$3,Counts!$C$2:$C$2903,$B36,Counts!$F$2:$F$2903,"Mar-Apr"),""))) | D36: =IF($B36="","",IF(SUMIFS(Counts!$P$2:$P$2903,Counts!$B$2:$B$2903,$C$3,Counts!$C$2:$C$2903,$B36,Counts!$F$2:$F$2903,"May")<Guide!$C$25,"",IFERROR(SUMIFS(Counts!$AD$2:$AD$2903,Counts!$B$2:$B$2903,$C$3,Counts!$C$2:$C$2903,$B36,Counts!$F$2:$F$2903,"May")/SUMIFS(Counts!$AC$2:$AC$2903,Counts!$B$2:$B$2903,$C$3,Counts!$C$2:$C$2903,$B36,Counts!$F$2:$F$2903,"May"),""))) -> 0 | E36: =IF($B36="","",IF(SUMIFS(Counts!$P$2:$P$2903,Counts!$B$2:$B$2903,$C$3,Counts!$C$2:$C$2903,$B36,Counts!$F$2:$F$2903,"Jun")<Guide!$C$25,"",IFERROR(SUMIFS(Counts!$AD$2:$AD$2903,Counts!$B$2:$B$2903,$C$3,Counts!$C$2:$C$2903,$B36,Counts!$F$2:$F$2903,"Jun")/SUMIFS(Counts!$AC$2:$AC$2903,Counts!$B$2:$B$2903,$C$3,Counts!$C$2:$C$2903,$B36,Counts!$F$2:$F$2903,"Jun"),""))) -> 0.10344828 | F36: =IF($B36="","",IF(SUMIFS(Counts!$P$2:$P$2903,Counts!$B$2:$B$2903,$C$3,Counts!$C$2:$C$2903,$B36,Counts!$F$2:$F$2903,"Jul")<Guide!$C$25,"",IFERROR(SUMIFS(Counts!$AD$2:$AD$2903,Counts!$B$2:$B$2903,$C$3,Counts!$C$2:$C$2903,$B36,Counts!$F$2:$F$2903,"Jul")/SUMIFS(Counts!$AC$2:$AC$2903,Counts!$B$2:$B$2903,$C$3,Counts!$C$2:$C$2903,$B36,Counts!$F$2:$F$2903,"Jul"),""))) -> 0.06122449 | G36: =IF($B36="","",IF(SUMIFS(Counts!$P$2:$P$2903,Counts!$B$2:$B$2903,$C$3,Counts!$C$2:$C$2903,$B36,Counts!$F$2:$F$2903,"Aug")<Guide!$C$25,"",IFERROR(SUMIFS(Counts!$AD$2:$AD$2903,Counts!$B$2:$B$2903,$C$3,Counts!$C$2:$C$2903,$B36,Counts!$F$2:$F$2903,"Aug")/SUMIFS(Counts!$AC$2:$AC$2903,Counts!$B$2:$B$2903,$C$3,Counts!$C$2:$C$2903,$B36,Counts!$F$2:$F$2903,"Aug"),""))) -> 0.075 | H36: =IF($B36="","",IF(SUMIFS(Counts!$P$2:$P$2903,Counts!$B$2:$B$2903,$C$3,Counts!$C$2:$C$2903,$B36,Counts!$F$2:$F$2903,"Sep")<Guide!$C$25,"",IFERROR(SUMIFS(Counts!$AD$2:$AD$2903,Counts!$B$2:$B$2903,$C$3,Counts!$C$2:$C$2903,$B36,Counts!$F$2:$F$2903,"Sep")/SUMIFS(Counts!$AC$2:$AC$2903,Counts!$B$2:$B$2903,$C$3,Counts!$C$2:$C$2903,$B36,Counts!$F$2:$F$2903,"Sep"),""))) -> 0.13559322 | I36: =IF($B36="","",IFERROR(SUMIFS(Counts!$AD$2:$AD$2903,Counts!$B$2:$B$2903,$C$3,Counts!$C$2:$C$2903,$B36)/SUMIFS(Counts!$AC$2:$AC$2903,Counts!$B$2:$B$2903,$C$3,Counts!$C$2:$C$2903,$B36),"")) -> 0.080701754
B37: =IF(4<=COUNTIF(Lists!$F$1:$F$556,$C$3),INDEX(Lists!$G$1:$G$556,MATCH($C$3,Lists!$F$1:$F$556,0)+3),"") -> Shea Langeliers | C37: =IF($B37="","",IF(SUMIFS(Counts!$P$2:$P$2903,Counts!$B$2:$B$2903,$C$3,Counts!$C$2:$C$2903,$B37,Counts!$F$2:$F$2903,"Mar-Apr")<Guide!$C$25,"",IFERROR(SUMIFS(Counts!$AD$2:$AD$2903,Counts!$B$2:$B$2903,$C$3,Counts!$C$2:$C$2903,$B37,Counts!$F$2:$F$2903,"Mar-Apr")/SUMIFS(Counts!$AC$2:$AC$2903,Counts!$B$2:$B$2903,$C$3,Counts!$C$2:$C$2903,$B37,Counts!$F$2:$F$2903,"Mar-Apr"),""))) -> 0.14893617 | D37: =IF($B37="","",IF(SUMIFS(Counts!$P$2:$P$2903,Counts!$B$2:$B$2903,$C$3,Counts!$C$2:$C$2903,$B37,Counts!$F$2:$F$2903,"May")<Guide!$C$25,"",IFERROR(SUMIFS(Counts!$AD$2:$AD$2903,Counts!$B$2:$B$2903,$C$3,Counts!$C$2:$C$2903,$B37,Counts!$F$2:$F$2903,"May")/SUMIFS(Counts!$AC$2:$AC$2903,Counts!$B$2:$B$2903,$C$3,Counts!$C$2:$C$2903,$B37,Counts!$F$2:$F$2903,"May"),""))) -> 0.14666667 | E37: =IF($B37="","",IF(SUMIFS(Counts!$P$2:$P$2903,Counts!$B$2:$B$2903,$C$3,Counts!$C$2:$C$2903,$B37,Counts!$F$2:$F$2903,"Jun")<Guide!$C$25,"",IFERROR(SUMIFS(Counts!$AD$2:$AD$2903,Counts!$B$2:$B$2903,$C$3,Counts!$C$2:$C$2903,$B37,Counts!$F$2:$F$2903,"Jun")/SUMIFS(Counts!$AC$2:$AC$2903,Counts!$B$2:$B$2903,$C$3,Counts!$C$2:$C$2903,$B37,Counts!$F$2:$F$2903,"Jun"),""))) -> 0.13253012 | F37: =IF($B37="","",IF(SUMIFS(Counts!$P$2:$P$2903,Counts!$B$2:$B$2903,$C$3,Counts!$C$2:$C$2903,$B37,Counts!$F$2:$F$2903,"Jul")<Guide!$C$25,"",IFERROR(SUMIFS(Counts!$AD$2:$AD$2903,Counts!$B$2:$B$2903,$C$3,Counts!$C$2:$C$2903,$B37,Counts!$F$2:$F$2903,"Jul")/SUMIFS(Counts!$AC$2:$AC$2903,Counts!$B$2:$B$2903,$C$3,Counts!$C$2:$C$2903,$B37,Counts!$F$2:$F$2903,"Jul"),""))) -> 0.20689655 | G37: =IF($B37="","",IF(SUMIFS(Counts!$P$2:$P$2903,Counts!$B$2:$B$2903,$C$3,Counts!$C$2:$C$2903,$B37,Counts!$F$2:$F$2903,"Aug")<Guide!$C$25,"",IFERROR(SUMIFS(Counts!$AD$2:$AD$2903,Counts!$B$2:$B$2903,$C$3,Counts!$C$2:$C$2903,$B37,Counts!$F$2:$F$2903,"Aug")/SUMIFS(Counts!$AC$2:$AC$2903,Counts!$B$2:$B$2903,$C$3,Counts!$C$2:$C$2903,$B37,Counts!$F$2:$F$2903,"Aug"),""))) | H37: =IF($B37="","",IF(SUMIFS(Counts!$P$2:$P$2903,Counts!$B$2:$B$2903,$C$3,Counts!$C$2:$C$2903,$B37,Counts!$F$2:$F$2903,"Sep")<Guide!$C$25,"",IFERROR(SUMIFS(Counts!$AD$2:$AD$2903,Counts!$B$2:$B$2903,$C$3,Counts!$C$2:$C$2903,$B37,Counts!$F$2:$F$2903,"Sep")/SUMIFS(Counts!$AC$2:$AC$2903,Counts!$B$2:$B$2903,$C$3,Counts!$C$2:$C$2903,$B37,Counts!$F$2:$F$2903,"Sep"),""))) -> 0 | I37: =IF($B37="","",IFERROR(SUMIFS(Counts!$AD$2:$AD$2903,Counts!$B$2:$B$2903,$C$3,Counts!$C$2:$C$2903,$B37)/SUMIFS(Counts!$AC$2:$AC$2903,Counts!$B$2:$B$2903,$C$3,Counts!$C$2:$C$2903,$B37),"")) -> 0.13291139
B38: =IF(5<=COUNTIF(Lists!$F$1:$F$556,$C$3),INDEX(Lists!$G$1:$G$556,MATCH($C$3,Lists!$F$1:$F$556,0)+4),"") -> Tyler Soderstrom | C38: =IF($B38="","",IF(SUMIFS(Counts!$P$2:$P$2903,Counts!$B$2:$B$2903,$C$3,Counts!$C$2:$C$2903,$B38,Counts!$F$2:$F$2903,"Mar-Apr")<Guide!$C$25,"",IFERROR(SUMIFS(Counts!$AD$2:$AD$2903,Counts!$B$2:$B$2903,$C$3,Counts!$C$2:$C$2903,$B38,Counts!$F$2:$F$2903,"Mar-Apr")/SUMIFS(Counts!$AC$2:$AC$2903,Counts!$B$2:$B$2903,$C$3,Counts!$C$2:$C$2903,$B38,Counts!$F$2:$F$2903,"Mar-Apr"),""))) -> 0.12941176 | D38: =IF($B38="","",IF(SUMIFS(Counts!$P$2:$P$2903,Counts!$B$2:$B$2903,$C$3,Counts!$C$2:$C$2903,$B38,Counts!$F$2:$F$2903,"May")<Guide!$C$25,"",IFERROR(SUMIFS(Counts!$AD$2:$AD$2903,Counts!$B$2:$B$2903,$C$3,Counts!$C$2:$C$2903,$B38,Counts!$F$2:$F$2903,"May")/SUMIFS(Counts!$AC$2:$AC$2903,Counts!$B$2:$B$2903,$C$3,Counts!$C$2:$C$2903,$B38,Counts!$F$2:$F$2903,"May"),""))) -> 0.1 | E38: =IF($B38="","",IF(SUMIFS(Counts!$P$2:$P$2903,Counts!$B$2:$B$2903,$C$3,Counts!$C$2:$C$2903,$B38,Counts!$F$2:$F$2903,"Jun")<Guide!$C$25,"",IFERROR(SUMIFS(Counts!$AD$2:$AD$2903,Counts!$B$2:$B$2903,$C$3,Counts!$C$2:$C$2903,$B38,Counts!$F$2:$F$2903,"Jun")/SUMIFS(Counts!$AC$2:$AC$2903,Counts!$B$2:$B$2903,$C$3,Counts!$C$2:$C$2903,$B38,Counts!$F$2:$F$2903,"Jun"),""))) -> 0.060606061 | F38: =IF($B38="","",IF(SUMIFS(Counts!$P$2:$P$2903,Counts!$B$2:$B$2903,$C$3,Counts!$C$2:$C$2903,$B38,Counts!$F$2:$F$2903,"Jul")<Guide!$C$25,"",IFERROR(SUMIFS(Counts!$AD$2:$AD$2903,Counts!$B$2:$B$2903,$C$3,Counts!$C$2:$C$2903,$B38,Counts!$F$2:$F$2903,"Jul")/SUMIFS(Counts!$AC$2:$AC$2903,Counts!$B$2:$B$2903,$C$3,Counts!$C$2:$C$2903,$B38,Counts!$F$2:$F$2903,"Jul"),""))) -> 0.083333333 | G38: =IF($B38="","",IF(SUMIFS(Counts!$P$2:$P$2903,Counts!$B$2:$B$2903,$C$3,Counts!$C$2:$C$2903,$B38,Counts!$F$2:$F$2903,"Aug")<Guide!$C$25,"",IFERROR(SUMIFS(Counts!$AD$2:$AD$2903,Counts!$B$2:$B$2903,$C$3,Counts!$C$2:$C$2903,$B38,Counts!$F$2:$F$2903,"Aug")/SUMIFS(Counts!$AC$2:$AC$2903,Counts!$B$2:$B$2903,$C$3,Counts!$C$2:$C$2903,$B38,Counts!$F$2:$F$2903,"Aug"),""))) -> 0.074074074 | H38: =IF($B38="","",IF(SUMIFS(Counts!$P$2:$P$2903,Counts!$B$2:$B$2903,$C$3,Counts!$C$2:$C$2903,$B38,Counts!$F$2:$F$2903,"Sep")<Guide!$C$25,"",IFERROR(SUMIFS(Counts!$AD$2:$AD$2903,Counts!$B$2:$B$2903,$C$3,Counts!$C$2:$C$2903,$B38,Counts!$F$2:$F$2903,"Sep")/SUMIFS(Counts!$AC$2:$AC$2903,Counts!$B$2:$B$2903,$C$3,Counts!$C$2:$C$2903,$B38,Counts!$F$2:$F$2903,"Sep"),""))) | I38: =IF($B38="","",IFERROR(SUMIFS(Counts!$AD$2:$AD$2903,Counts!$B$2:$B$2903,$C$3,Counts!$C$2:$C$2903,$B38)/SUMIFS(Counts!$AC$2:$AC$2903,Counts!$B$2:$B$2903,$C$3,Counts!$C$2:$C$2903,$B38),"")) -> 0.094771242
B39: =IF(6<=COUNTIF(Lists!$F$1:$F$556,$C$3),INDEX(Lists!$G$1:$G$556,MATCH($C$3,Lists!$F$1:$F$556,0)+5),"") -> Zack Gelof | C39: =IF($B39="","",IF(SUMIFS(Counts!$P$2:$P$2903,Counts!$B$2:$B$2903,$C$3,Counts!$C$2:$C$2903,$B39,Counts!$F$2:$F$2903,"Mar-Apr")<Guide!$C$25,"",IFERROR(SUMIFS(Counts!$AD$2:$AD$2903,Counts!$B$2:$B$2903,$C$3,Counts!$C$2:$C$2903,$B39,Counts!$F$2:$F$2903,"Mar-Apr")/SUMIFS(Counts!$AC$2:$AC$2903,Counts!$B$2:$B$2903,$C$3,Counts!$C$2:$C$2903,$B39,Counts!$F$2:$F$2903,"Mar-Apr"),""))) -> 0.035714286 | D39: =IF($B39="","",IF(SUMIFS(Counts!$P$2:$P$2903,Counts!$B$2:$B$2903,$C$3,Counts!$C$2:$C$2903,$B39,Counts!$F$2:$F$2903,"May")<Guide!$C$25,"",IFERROR(SUMIFS(Counts!$AD$2:$AD$2903,Counts!$B$2:$B$2903,$C$3,Counts!$C$2:$C$2903,$B39,Counts!$F$2:$F$2903,"May")/SUMIFS(Counts!$AC$2:$AC$2903,Counts!$B$2:$B$2903,$C$3,Counts!$C$2:$C$2903,$B39,Counts!$F$2:$F$2903,"May"),""))) -> 0.092105263 | E39: =IF($B39="","",IF(SUMIFS(Counts!$P$2:$P$2903,Counts!$B$2:$B$2903,$C$3,Counts!$C$2:$C$2903,$B39,Counts!$F$2:$F$2903,"Jun")<Guide!$C$25,"",IFERROR(SUMIFS(Counts!$AD$2:$AD$2903,Counts!$B$2:$B$2903,$C$3,Counts!$C$2:$C$2903,$B39,Counts!$F$2:$F$2903,"Jun")/SUMIFS(Counts!$AC$2:$AC$2903,Counts!$B$2:$B$2903,$C$3,Counts!$C$2:$C$2903,$B39,Counts!$F$2:$F$2903,"Jun"),""))) -> 0.057692308 | F39: =IF($B39="","",IF(SUMIFS(Counts!$P$2:$P$2903,Counts!$B$2:$B$2903,$C$3,Counts!$C$2:$C$2903,$B39,Counts!$F$2:$F$2903,"Jul")<Guide!$C$25,"",IFERROR(SUMIFS(Counts!$AD$2:$AD$2903,Counts!$B$2:$B$2903,$C$3,Counts!$C$2:$C$2903,$B39,Counts!$F$2:$F$2903,"Jul")/SUMIFS(Counts!$AC$2:$AC$2903,Counts!$B$2:$B$2903,$C$3,Counts!$C$2:$C$2903,$B39,Counts!$F$2:$F$2903,"Jul"),""))) | G39: =IF($B39="","",IF(SUMIFS(Counts!$P$2:$P$2903,Counts!$B$2:$B$2903,$C$3,Counts!$C$2:$C$2903,$B39,Counts!$F$2:$F$2903,"Aug")<Guide!$C$25,"",IFERROR(SUMIFS(Counts!$AD$2:$AD$2903,Counts!$B$2:$B$2903,$C$3,Counts!$C$2:$C$2903,$B39,Counts!$F$2:$F$2903,"Aug")/SUMIFS(Counts!$AC$2:$AC$2903,Counts!$B$2:$B$2903,$C$3,Counts!$C$2:$C$2903,$B39,Counts!$F$2:$F$2903,"Aug"),""))) -> 0.11320755 | H39: =IF($B39="","",IF(SUMIFS(Counts!$P$2:$P$2903,Counts!$B$2:$B$2903,$C$3,Counts!$C$2:$C$2903,$B39,Counts!$F$2:$F$2903,"Sep")<Guide!$C$25,"",IFERROR(SUMIFS(Counts!$AD$2:$AD$2903,Counts!$B$2:$B$2903,$C$3,Counts!$C$2:$C$2903,$B39,Counts!$F$2:$F$2903,"Sep")/SUMIFS(Counts!$AC$2:$AC$2903,Counts!$B$2:$B$2903,$C$3,Counts!$C$2:$C$2903,$B39,Counts!$F$2:$F$2903,"Sep"),""))) -> 0.2 | I39: =IF($B39="","",IFERROR(SUMIFS(Counts!$AD$2:$AD$2903,Counts!$B$2:$B$2903,$C$3,Counts!$C$2:$C$2903,$B39)/SUMIFS(Counts!$AC$2:$AC$2903,Counts!$B$2:$B$2903,$C$3,Counts!$C$2:$C$2903,$B39),"")) -> 0.10689655
B40: =IF(7<=COUNTIF(Lists!$F$1:$F$556,$C$3),INDEX(Lists!$G$1:$G$556,MATCH($C$3,Lists!$F$1:$F$556,0)+6),"") -> Nick Kurtz | C40: =IF($B40="","",IF(SUMIFS(Counts!$P$2:$P$2903,Counts!$B$2:$B$2903,$C$3,Counts!$C$2:$C$2903,$B40,Counts!$F$2:$F$2903,"Mar-Apr")<Guide!$C$25,"",IFERROR(SUMIFS(Counts!$AD$2:$AD$2903,Counts!$B$2:$B$2903,$C$3,Counts!$C$2:$C$2903,$B40,Counts!$F$2:$F$2903,"Mar-Apr")/SUMIFS(Counts!$AC$2:$AC$2903,Counts!$B$2:$B$2903,$C$3,Counts!$C$2:$C$2903,$B40,Counts!$F$2:$F$2903,"Mar-Apr"),""))) -> 0.21311475 | D40: =IF($B40="","",IF(SUMIFS(Counts!$P$2:$P$2903,Counts!$B$2:$B$2903,$C$3,Counts!$C$2:$C$2903,$B40,Counts!$F$2:$F$2903,"May")<Guide!$C$25,"",IFERROR(SUMIFS(Counts!$AD$2:$AD$2903,Counts!$B$2:$B$2903,$C$3,Counts!$C$2:$C$2903,$B40,Counts!$F$2:$F$2903,"May")/SUMIFS(Counts!$AC$2:$AC$2903,Counts!$B$2:$B$2903,$C$3,Counts!$C$2:$C$2903,$B40,Counts!$F$2:$F$2903,"May"),""))) -> 0.15714286 | E40: =IF($B40="","",IF(SUMIFS(Counts!$P$2:$P$2903,Counts!$B$2:$B$2903,$C$3,Counts!$C$2:$C$2903,$B40,Counts!$F$2:$F$2903,"Jun")<Guide!$C$25,"",IFERROR(SUMIFS(Counts!$AD$2:$AD$2903,Counts!$B$2:$B$2903,$C$3,Counts!$C$2:$C$2903,$B40,Counts!$F$2:$F$2903,"Jun")/SUMIFS(Counts!$AC$2:$AC$2903,Counts!$B$2:$B$2903,$C$3,Counts!$C$2:$C$2903,$B40,Counts!$F$2:$F$2903,"Jun"),""))) -> 0.18644068 | F40: =IF($B40="","",IF(SUMIFS(Counts!$P$2:$P$2903,Counts!$B$2:$B$2903,$C$3,Counts!$C$2:$C$2903,$B40,Counts!$F$2:$F$2903,"Jul")<Guide!$C$25,"",IFERROR(SUMIFS(Counts!$AD$2:$AD$2903,Counts!$B$2:$B$2903,$C$3,Counts!$C$2:$C$2903,$B40,Counts!$F$2:$F$2903,"Jul")/SUMIFS(Counts!$AC$2:$AC$2903,Counts!$B$2:$B$2903,$C$3,Counts!$C$2:$C$2903,$B40,Counts!$F$2:$F$2903,"Jul"),""))) -> 0.14285714 | G40: =IF($B40="","",IF(SUMIFS(Counts!$P$2:$P$2903,Counts!$B$2:$B$2903,$C$3,Counts!$C$2:$C$2903,$B40,Counts!$F$2:$F$2903,"Aug")<Guide!$C$25,"",IFERROR(SUMIFS(Counts!$AD$2:$AD$2903,Counts!$B$2:$B$2903,$C$3,Counts!$C$2:$C$2903,$B40,Counts!$F$2:$F$2903,"Aug")/SUMIFS(Counts!$AC$2:$AC$2903,Counts!$B$2:$B$2903,$C$3,Counts!$C$2:$C$2903,$B40,Counts!$F$2:$F$2903,"Aug"),""))) | H40: =IF($B40="","",IF(SUMIFS(Counts!$P$2:$P$2903,Counts!$B$2:$B$2903,$C$3,Counts!$C$2:$C$2903,$B40,Counts!$F$2:$F$2903,"Sep")<Guide!$C$25,"",IFERROR(SUMIFS(Counts!$AD$2:$AD$2903,Counts!$B$2:$B$2903,$C$3,Counts!$C$2:$C$2903,$B40,Counts!$F$2:$F$2903,"Sep")/SUMIFS(Counts!$AC$2:$AC$2903,Counts!$B$2:$B$2903,$C$3,Counts!$C$2:$C$2903,$B40,Counts!$F$2:$F$2903,"Sep"),""))) | I40: =IF($B40="","",IFERROR(SUMIFS(Counts!$AD$2:$AD$2903,Counts!$B$2:$B$2903,$C$3,Counts!$C$2:$C$2903,$B40)/SUMIFS(Counts!$AC$2:$AC$2903,Counts!$B$2:$B$2903,$C$3,Counts!$C$2:$C$2903,$B40),"")) -> 0.18009479
B41: =IF(8<=COUNTIF(Lists!$F$1:$F$556,$C$3),INDEX(Lists!$G$1:$G$556,MATCH($C$3,Lists!$F$1:$F$556,0)+7),"") -> Carlos Cortes | C41: =IF($B41="","",IF(SUMIFS(Counts!$P$2:$P$2903,Counts!$B$2:$B$2903,$C$3,Counts!$C$2:$C$2903,$B41,Counts!$F$2:$F$2903,"Mar-Apr")<Guide!$C$25,"",IFERROR(SUMIFS(Counts!$AD$2:$AD$2903,Counts!$B$2:$B$2903,$C$3,Counts!$C$2:$C$2903,$B41,Counts!$F$2:$F$2903,"Mar-Apr")/SUMIFS(Counts!$AC$2:$AC$2903,Counts!$B$2:$B$2903,$C$3,Counts!$C$2:$C$2903,$B41,Counts!$F$2:$F$2903,"Mar-Apr"),""))) -> 0.14516129 | D41: =IF($B41="","",IF(SUMIFS(Counts!$P$2:$P$2903,Counts!$B$2:$B$2903,$C$3,Counts!$C$2:$C$2903,$B41,Counts!$F$2:$F$2903,"May")<Guide!$C$25,"",IFERROR(SUMIFS(Counts!$AD$2:$AD$2903,Counts!$B$2:$B$2903,$C$3,Counts!$C$2:$C$2903,$B41,Counts!$F$2:$F$2903,"May")/SUMIFS(Counts!$AC$2:$AC$2903,Counts!$B$2:$B$2903,$C$3,Counts!$C$2:$C$2903,$B41,Counts!$F$2:$F$2903,"May"),""))) -> 0.033333333 | E41: =IF($B41="","",IF(SUMIFS(Counts!$P$2:$P$2903,Counts!$B$2:$B$2903,$C$3,Counts!$C$2:$C$2903,$B41,Counts!$F$2:$F$2903,"Jun")<Guide!$C$25,"",IFERROR(SUMIFS(Counts!$AD$2:$AD$2903,Counts!$B$2:$B$2903,$C$3,Counts!$C$2:$C$2903,$B41,Counts!$F$2:$F$2903,"Jun")/SUMIFS(Counts!$AC$2:$AC$2903,Counts!$B$2:$B$2903,$C$3,Counts!$C$2:$C$2903,$B41,Counts!$F$2:$F$2903,"Jun"),""))) -> 0.052631579 | F41: =IF($B41="","",IF(SUMIFS(Counts!$P$2:$P$2903,Counts!$B$2:$B$2903,$C$3,Counts!$C$2:$C$2903,$B41,Counts!$F$2:$F$2903,"Jul")<Guide!$C$25,"",IFERROR(SUMIFS(Counts!$AD$2:$AD$2903,Counts!$B$2:$B$2903,$C$3,Counts!$C$2:$C$2903,$B41,Counts!$F$2:$F$2903,"Jul")/SUMIFS(Counts!$AC$2:$AC$2903,Counts!$B$2:$B$2903,$C$3,Counts!$C$2:$C$2903,$B41,Counts!$F$2:$F$2903,"Jul"),""))) -> 0.03125 | G41: =IF($B41="","",IF(SUMIFS(Counts!$P$2:$P$2903,Counts!$B$2:$B$2903,$C$3,Counts!$C$2:$C$2903,$B41,Counts!$F$2:$F$2903,"Aug")<Guide!$C$25,"",IFERROR(SUMIFS(Counts!$AD$2:$AD$2903,Counts!$B$2:$B$2903,$C$3,Counts!$C$2:$C$2903,$B41,Counts!$F$2:$F$2903,"Aug")/SUMIFS(Counts!$AC$2:$AC$2903,Counts!$B$2:$B$2903,$C$3,Counts!$C$2:$C$2903,$B41,Counts!$F$2:$F$2903,"Aug"),""))) -> 0.020408163 | H41: =IF($B41="","",IF(SUMIFS(Counts!$P$2:$P$2903,Counts!$B$2:$B$2903,$C$3,Counts!$C$2:$C$2903,$B41,Counts!$F$2:$F$2903,"Sep")<Guide!$C$25,"",IFERROR(SUMIFS(Counts!$AD$2:$AD$2903,Counts!$B$2:$B$2903,$C$3,Counts!$C$2:$C$2903,$B41,Counts!$F$2:$F$2903,"Sep")/SUMIFS(Counts!$AC$2:$AC$2903,Counts!$B$2:$B$2903,$C$3,Counts!$C$2:$C$2903,$B41,Counts!$F$2:$F$2903,"Sep"),""))) -> 0.047619048 | I41: =IF($B41="","",IFERROR(SUMIFS(Counts!$AD$2:$AD$2903,Counts!$B$2:$B$2903,$C$3,Counts!$C$2:$C$2903,$B41)/SUMIFS(Counts!$AC$2:$AC$2903,Counts!$B$2:$B$2903,$C$3,Counts!$C$2:$C$2903,$B41),"")) -> 0.060070671
B42: =IF(9<=COUNTIF(Lists!$F$1:$F$556,$C$3),INDEX(Lists!$G$1:$G$556,MATCH($C$3,Lists!$F$1:$F$556,0)+8),"") -> Jonah Heim | C42: =IF($B42="","",IF(SUMIFS(Counts!$P$2:$P$2903,Counts!$B$2:$B$2903,$C$3,Counts!$C$2:$C$2903,$B42,Counts!$F$2:$F$2903,"Mar-Apr")<Guide!$C$25,"",IFERROR(SUMIFS(Counts!$AD$2:$AD$2903,Counts!$B$2:$B$2903,$C$3,Counts!$C$2:$C$2903,$B42,Counts!$F$2:$F$2903,"Mar-Apr")/SUMIFS(Counts!$AC$2:$AC$2903,Counts!$B$2:$B$2903,$C$3,Counts!$C$2:$C$2903,$B42,Counts!$F$2:$F$2903,"Mar-Apr"),""))) | D42: =IF($B42="","",IF(SUMIFS(Counts!$P$2:$P$2903,Counts!$B$2:$B$2903,$C$3,Counts!$C$2:$C$2903,$B42,Counts!$F$2:$F$2903,"May")<Guide!$C$25,"",IFERROR(SUMIFS(Counts!$AD$2:$AD$2903,Counts!$B$2:$B$2903,$C$3,Counts!$C$2:$C$2903,$B42,Counts!$F$2:$F$2903,"May")/SUMIFS(Counts!$AC$2:$AC$2903,Counts!$B$2:$B$2903,$C$3,Counts!$C$2:$C$2903,$B42,Counts!$F$2:$F$2903,"May"),""))) -> 0.041666667 | E42: =IF($B42="","",IF(SUMIFS(Counts!$P$2:$P$2903,Counts!$B$2:$B$2903,$C$3,Counts!$C$2:$C$2903,$B42,Counts!$F$2:$F$2903,"Jun")<Guide!$C$25,"",IFERROR(SUMIFS(Counts!$AD$2:$AD$2903,Counts!$B$2:$B$2903,$C$3,Counts!$C$2:$C$2903,$B42,Counts!$F$2:$F$2903,"Jun")/SUMIFS(Counts!$AC$2:$AC$2903,Counts!$B$2:$B$2903,$C$3,Counts!$C$2:$C$2903,$B42,Counts!$F$2:$F$2903,"Jun"),""))) -> 0.083333333 | F42: =IF($B42="","",IF(SUMIFS(Counts!$P$2:$P$2903,Counts!$B$2:$B$2903,$C$3,Counts!$C$2:$C$2903,$B42,Counts!$F$2:$F$2903,"Jul")<Guide!$C$25,"",IFERROR(SUMIFS(Counts!$AD$2:$AD$2903,Counts!$B$2:$B$2903,$C$3,Counts!$C$2:$C$2903,$B42,Counts!$F$2:$F$2903,"Jul")/SUMIFS(Counts!$AC$2:$AC$2903,Counts!$B$2:$B$2903,$C$3,Counts!$C$2:$C$2903,$B42,Counts!$F$2:$F$2903,"Jul"),""))) -> 0.076923077 | G42: =IF($B42="","",IF(SUMIFS(Counts!$P$2:$P$2903,Counts!$B$2:$B$2903,$C$3,Counts!$C$2:$C$2903,$B42,Counts!$F$2:$F$2903,"Aug")<Guide!$C$25,"",IFERROR(SUMIFS(Counts!$AD$2:$AD$2903,Counts!$B$2:$B$2903,$C$3,Counts!$C$2:$C$2903,$B42,Counts!$F$2:$F$2903,"Aug")/SUMIFS(Counts!$AC$2:$AC$2903,Counts!$B$2:$B$2903,$C$3,Counts!$C$2:$C$2903,$B42,Counts!$F$2:$F$2903,"Aug"),""))) -> 0.061538462 | H42: =IF($B42="","",IF(SUMIFS(Counts!$P$2:$P$2903,Counts!$B$2:$B$2903,$C$3,Counts!$C$2:$C$2903,$B42,Counts!$F$2:$F$2903,"Sep")<Guide!$C$25,"",IFERROR(SUMIFS(Counts!$AD$2:$AD$2903,Counts!$B$2:$B$2903,$C$3,Counts!$C$2:$C$2903,$B42,Counts!$F$2:$F$2903,"Sep")/SUMIFS(Counts!$AC$2:$AC$2903,Counts!$B$2:$B$2903,$C$3,Counts!$C$2:$C$2903,$B42,Counts!$F$2:$F$2903,"Sep"),""))) -> 0.018518519 | I42: =IF($B42="","",IFERROR(SUMIFS(Counts!$AD$2:$AD$2903,Counts!$B$2:$B$2903,$C$3,Counts!$C$2:$C$2903,$B42)/SUMIFS(Counts!$AC$2:$AC$2903,Counts!$B$2:$B$2903,$C$3,Counts!$C$2:$C$2903,$B42),"")) -> 0.05859375
B43: =IF(10<=COUNTIF(Lists!$F$1:$F$556,$C$3),INDEX(Lists!$G$1:$G$556,MATCH($C$3,Lists!$F$1:$F$556,0)+9),"") -> Jacob Wilson | C43: =IF($B43="","",IF(SUMIFS(Counts!$P$2:$P$2903,Counts!$B$2:$B$2903,$C$3,Counts!$C$2:$C$2903,$B43,Counts!$F$2:$F$2903,"Mar-Apr")<Guide!$C$25,"",IFERROR(SUMIFS(Counts!$AD$2:$AD$2903,Counts!$B$2:$B$2903,$C$3,Counts!$C$2:$C$2903,$B43,Counts!$F$2:$F$2903,"Mar-Apr")/SUMIFS(Counts!$AC$2:$AC$2903,Counts!$B$2:$B$2903,$C$3,Counts!$C$2:$C$2903,$B43,Counts!$F$2:$F$2903,"Mar-Apr"),""))) -> 0.01754386 | D43: =IF($B43="","",IF(SUMIFS(Counts!$P$2:$P$2903,Counts!$B$2:$B$2903,$C$3,Counts!$C$2:$C$2903,$B43,Counts!$F$2:$F$2903,"May")<Guide!$C$25,"",IFERROR(SUMIFS(Counts!$AD$2:$AD$2903,Counts!$B$2:$B$2903,$C$3,Counts!$C$2:$C$2903,$B43,Counts!$F$2:$F$2903,"May")/SUMIFS(Counts!$AC$2:$AC$2903,Counts!$B$2:$B$2903,$C$3,Counts!$C$2:$C$2903,$B43,Counts!$F$2:$F$2903,"May"),""))) -> 0.034482759 | E43: =IF($B43="","",IF(SUMIFS(Counts!$P$2:$P$2903,Counts!$B$2:$B$2903,$C$3,Counts!$C$2:$C$2903,$B43,Counts!$F$2:$F$2903,"Jun")<Guide!$C$25,"",IFERROR(SUMIFS(Counts!$AD$2:$AD$2903,Counts!$B$2:$B$2903,$C$3,Counts!$C$2:$C$2903,$B43,Counts!$F$2:$F$2903,"Jun")/SUMIFS(Counts!$AC$2:$AC$2903,Counts!$B$2:$B$2903,$C$3,Counts!$C$2:$C$2903,$B43,Counts!$F$2:$F$2903,"Jun"),""))) -> 0 | F43: =IF($B43="","",IF(SUMIFS(Counts!$P$2:$P$2903,Counts!$B$2:$B$2903,$C$3,Counts!$C$2:$C$2903,$B43,Counts!$F$2:$F$2903,"Jul")<Guide!$C$25,"",IFERROR(SUMIFS(Counts!$AD$2:$AD$2903,Counts!$B$2:$B$2903,$C$3,Counts!$C$2:$C$2903,$B43,Counts!$F$2:$F$2903,"Jul")/SUMIFS(Counts!$AC$2:$AC$2903,Counts!$B$2:$B$2903,$C$3,Counts!$C$2:$C$2903,$B43,Counts!$F$2:$F$2903,"Jul"),""))) -> 0.04109589 | G43: =IF($B43="","",IF(SUMIFS(Counts!$P$2:$P$2903,Counts!$B$2:$B$2903,$C$3,Counts!$C$2:$C$2903,$B43,Counts!$F$2:$F$2903,"Aug")<Guide!$C$25,"",IFERROR(SUMIFS(Counts!$AD$2:$AD$2903,Counts!$B$2:$B$2903,$C$3,Counts!$C$2:$C$2903,$B43,Counts!$F$2:$F$2903,"Aug")/SUMIFS(Counts!$AC$2:$AC$2903,Counts!$B$2:$B$2903,$C$3,Counts!$C$2:$C$2903,$B43,Counts!$F$2:$F$2903,"Aug"),""))) -> 0.032258065 | H43: =IF($B43="","",IF(SUMIFS(Counts!$P$2:$P$2903,Counts!$B$2:$B$2903,$C$3,Counts!$C$2:$C$2903,$B43,Counts!$F$2:$F$2903,"Sep")<Guide!$C$25,"",IFERROR(SUMIFS(Counts!$AD$2:$AD$2903,Counts!$B$2:$B$2903,$C$3,Counts!$C$2:$C$2903,$B43,Counts!$F$2:$F$2903,"Sep")/SUMIFS(Counts!$AC$2:$AC$2903,Counts!$B$2:$B$2903,$C$3,Counts!$C$2:$C$2903,$B43,Counts!$F$2:$F$2903,"Sep"),""))) | I43: =IF($B43="","",IFERROR(SUMIFS(Counts!$AD$2:$AD$2903,Counts!$B$2:$B$2903,$C$3,Counts!$C$2:$C$2903,$B43)/SUMIFS(Counts!$AC$2:$AC$2903,Counts!$B$2:$B$2903,$C$3,Counts!$C$2:$C$2903,$B43),"")) -> 0.024734982
B44: =IF(11<=COUNTIF(Lists!$F$1:$F$556,$C$3),INDEX(Lists!$G$1:$G$556,MATCH($C$3,Lists!$F$1:$F$556,0)+10),"") -> Max Muncy | C44: =IF($B44="","",IF(SUMIFS(Counts!$P$2:$P$2903,Counts!$B$2:$B$2903,$C$3,Counts!$C$2:$C$2903,$B44,Counts!$F$2:$F$2903,"Mar-Apr")<Guide!$C$25,"",IFERROR(SUMIFS(Counts!$AD$2:$AD$2903,Counts!$B$2:$B$2903,$C$3,Counts!$C$2:$C$2903,$B44,Counts!$F$2:$F$2903,"Mar-Apr")/SUMIFS(Counts!$AC$2:$AC$2903,Counts!$B$2:$B$2903,$C$3,Counts!$C$2:$C$2903,$B44,Counts!$F$2:$F$2903,"Mar-Apr"),""))) -> 0.12280702 | D44: =IF($B44="","",IF(SUMIFS(Counts!$P$2:$P$2903,Counts!$B$2:$B$2903,$C$3,Counts!$C$2:$C$2903,$B44,Counts!$F$2:$F$2903,"May")<Guide!$C$25,"",IFERROR(SUMIFS(Counts!$AD$2:$AD$2903,Counts!$B$2:$B$2903,$C$3,Counts!$C$2:$C$2903,$B44,Counts!$F$2:$F$2903,"May")/SUMIFS(Counts!$AC$2:$AC$2903,Counts!$B$2:$B$2903,$C$3,Counts!$C$2:$C$2903,$B44,Counts!$F$2:$F$2903,"May"),""))) | E44: =IF($B44="","",IF(SUMIFS(Counts!$P$2:$P$2903,Counts!$B$2:$B$2903,$C$3,Counts!$C$2:$C$2903,$B44,Counts!$F$2:$F$2903,"Jun")<Guide!$C$25,"",IFERROR(SUMIFS(Counts!$AD$2:$AD$2903,Counts!$B$2:$B$2903,$C$3,Counts!$C$2:$C$2903,$B44,Counts!$F$2:$F$2903,"Jun")/SUMIFS(Counts!$AC$2:$AC$2903,Counts!$B$2:$B$2903,$C$3,Counts!$C$2:$C$2903,$B44,Counts!$F$2:$F$2903,"Jun"),""))) -> 0.1 | F44: =IF($B44="","",IF(SUMIFS(Counts!$P$2:$P$2903,Counts!$B$2:$B$2903,$C$3,Counts!$C$2:$C$2903,$B44,Counts!$F$2:$F$2903,"Jul")<Guide!$C$25,"",IFERROR(SUMIFS(Counts!$AD$2:$AD$2903,Counts!$B$2:$B$2903,$C$3,Counts!$C$2:$C$2903,$B44,Counts!$F$2:$F$2903,"Jul")/SUMIFS(Counts!$AC$2:$AC$2903,Counts!$B$2:$B$2903,$C$3,Counts!$C$2:$C$2903,$B44,Counts!$F$2:$F$2903,"Jul"),""))) | G44: =IF($B44="","",IF(SUMIFS(Counts!$P$2:$P$2903,Counts!$B$2:$B$2903,$C$3,Counts!$C$2:$C$2903,$B44,Counts!$F$2:$F$2903,"Aug")<Guide!$C$25,"",IFERROR(SUMIFS(Counts!$AD$2:$AD$2903,Counts!$B$2:$B$2903,$C$3,Counts!$C$2:$C$2903,$B44,Counts!$F$2:$F$2903,"Aug")/SUMIFS(Counts!$AC$2:$AC$2903,Counts!$B$2:$B$2903,$C$3,Counts!$C$2:$C$2903,$B44,Counts!$F$2:$F$2903,"Aug"),""))) -> 0.11627907 | H44: =IF($B44="","",IF(SUMIFS(Counts!$P$2:$P$2903,Counts!$B$2:$B$2903,$C$3,Counts!$C$2:$C$2903,$B44,Counts!$F$2:$F$2903,"Sep")<Guide!$C$25,"",IFERROR(SUMIFS(Counts!$AD$2:$AD$2903,Counts!$B$2:$B$2903,$C$3,Counts!$C$2:$C$2903,$B44,Counts!$F$2:$F$2903,"Sep")/SUMIFS(Counts!$AC$2:$AC$2903,Counts!$B$2:$B$2903,$C$3,Counts!$C$2:$C$2903,$B44,Counts!$F$2:$F$2903,"Sep"),""))) -> 0.076923077 | I44: =IF($B44="","",IFERROR(SUMIFS(Counts!$AD$2:$AD$2903,Counts!$B$2:$B$2903,$C$3,Counts!$C$2:$C$2903,$B44)/SUMIFS(Counts!$AC$2:$AC$2903,Counts!$B$2:$B$2903,$C$3,Counts!$C$2:$C$2903,$B44),"")) -> 0.10714286
B45: =IF(12<=COUNTIF(Lists!$F$1:$F$556,$C$3),INDEX(Lists!$G$1:$G$556,MATCH($C$3,Lists!$F$1:$F$556,0)+11),"") -> Alika Williams | C45: =IF($B45="","",IF(SUMIFS(Counts!$P$2:$P$2903,Counts!$B$2:$B$2903,$C$3,Counts!$C$2:$C$2903,$B45,Counts!$F$2:$F$2903,"Mar-Apr")<Guide!$C$25,"",IFERROR(SUMIFS(Counts!$AD$2:$AD$2903,Counts!$B$2:$B$2903,$C$3,Counts!$C$2:$C$2903,$B45,Counts!$F$2:$F$2903,"Mar-Apr")/SUMIFS(Counts!$AC$2:$AC$2903,Counts!$B$2:$B$2903,$C$3,Counts!$C$2:$C$2903,$B45,Counts!$F$2:$F$2903,"Mar-Apr"),""))) | D45: =IF($B45="","",IF(SUMIFS(Counts!$P$2:$P$2903,Counts!$B$2:$B$2903,$C$3,Counts!$C$2:$C$2903,$B45,Counts!$F$2:$F$2903,"May")<Guide!$C$25,"",IFERROR(SUMIFS(Counts!$AD$2:$AD$2903,Counts!$B$2:$B$2903,$C$3,Counts!$C$2:$C$2903,$B45,Counts!$F$2:$F$2903,"May")/SUMIFS(Counts!$AC$2:$AC$2903,Counts!$B$2:$B$2903,$C$3,Counts!$C$2:$C$2903,$B45,Counts!$F$2:$F$2903,"May"),""))) | E45: =IF($B45="","",IF(SUMIFS(Counts!$P$2:$P$2903,Counts!$B$2:$B$2903,$C$3,Counts!$C$2:$C$2903,$B45,Counts!$F$2:$F$2903,"Jun")<Guide!$C$25,"",IFERROR(SUMIFS(Counts!$AD$2:$AD$2903,Counts!$B$2:$B$2903,$C$3,Counts!$C$2:$C$2903,$B45,Counts!$F$2:$F$2903,"Jun")/SUMIFS(Counts!$AC$2:$AC$2903,Counts!$B$2:$B$2903,$C$3,Counts!$C$2:$C$2903,$B45,Counts!$F$2:$F$2903,"Jun"),""))) -> 0 | F45: =IF($B45="","",IF(SUMIFS(Counts!$P$2:$P$2903,Counts!$B$2:$B$2903,$C$3,Counts!$C$2:$C$2903,$B45,Counts!$F$2:$F$2903,"Jul")<Guide!$C$25,"",IFERROR(SUMIFS(Counts!$AD$2:$AD$2903,Counts!$B$2:$B$2903,$C$3,Counts!$C$2:$C$2903,$B45,Counts!$F$2:$F$2903,"Jul")/SUMIFS(Counts!$AC$2:$AC$2903,Counts!$B$2:$B$2903,$C$3,Counts!$C$2:$C$2903,$B45,Counts!$F$2:$F$2903,"Jul"),""))) -> 0.03125 | G45: =IF($B45="","",IF(SUMIFS(Counts!$P$2:$P$2903,Counts!$B$2:$B$2903,$C$3,Counts!$C$2:$C$2903,$B45,Counts!$F$2:$F$2903,"Aug")<Guide!$C$25,"",IFERROR(SUMIFS(Counts!$AD$2:$AD$2903,Counts!$B$2:$B$2903,$C$3,Counts!$C$2:$C$2903,$B45,Counts!$F$2:$F$2903,"Aug")/SUMIFS(Counts!$AC$2:$AC$2903,Counts!$B$2:$B$2903,$C$3,Counts!$C$2:$C$2903,$B45,Counts!$F$2:$F$2903,"Aug"),""))) -> 0 | H45: =IF($B45="","",IF(SUMIFS(Counts!$P$2:$P$2903,Counts!$B$2:$B$2903,$C$3,Counts!$C$2:$C$2903,$B45,Counts!$F$2:$F$2903,"Sep")<Guide!$C$25,"",IFERROR(SUMIFS(Counts!$AD$2:$AD$2903,Counts!$B$2:$B$2903,$C$3,Counts!$C$2:$C$2903,$B45,Counts!$F$2:$F$2903,"Sep")/SUMIFS(Counts!$AC$2:$AC$2903,Counts!$B$2:$B$2903,$C$3,Counts!$C$2:$C$2903,$B45,Counts!$F$2:$F$2903,"Sep"),""))) -> 0.020408163 | I45: =IF($B45="","",IFERROR(SUMIFS(Counts!$AD$2:$AD$2903,Counts!$B$2:$B$2903,$C$3,Counts!$C$2:$C$2903,$B45)/SUMIFS(Counts!$AC$2:$AC$2903,Counts!$B$2:$B$2903,$C$3,Counts!$C$2:$C$2903,$B45),"")) -> 0.01183432
B46: =IF(13<=COUNTIF(Lists!$F$1:$F$556,$C$3),INDEX(Lists!$G$1:$G$556,MATCH($C$3,Lists!$F$1:$F$556,0)+12),"") -> Brent Rooker | C46: =IF($B46="","",IF(SUMIFS(Counts!$P$2:$P$2903,Counts!$B$2:$B$2903,$C$3,Counts!$C$2:$C$2903,$B46,Counts!$F$2:$F$2903,"Mar-Apr")<Guide!$C$25,"",IFERROR(SUMIFS(Counts!$AD$2:$AD$2903,Counts!$B$2:$B$2903,$C$3,Counts!$C$2:$C$2903,$B46,Counts!$F$2:$F$2903,"Mar-Apr")/SUMIFS(Counts!$AC$2:$AC$2903,Counts!$B$2:$B$2903,$C$3,Counts!$C$2:$C$2903,$B46,Counts!$F$2:$F$2903,"Mar-Apr"),""))) -> 0.14705882 | D46: =IF($B46="","",IF(SUMIFS(Counts!$P$2:$P$2903,Counts!$B$2:$B$2903,$C$3,Counts!$C$2:$C$2903,$B46,Counts!$F$2:$F$2903,"May")<Guide!$C$25,"",IFERROR(SUMIFS(Counts!$AD$2:$AD$2903,Counts!$B$2:$B$2903,$C$3,Counts!$C$2:$C$2903,$B46,Counts!$F$2:$F$2903,"May")/SUMIFS(Counts!$AC$2:$AC$2903,Counts!$B$2:$B$2903,$C$3,Counts!$C$2:$C$2903,$B46,Counts!$F$2:$F$2903,"May"),""))) -> 0.13432836 | E46: =IF($B46="","",IF(SUMIFS(Counts!$P$2:$P$2903,Counts!$B$2:$B$2903,$C$3,Counts!$C$2:$C$2903,$B46,Counts!$F$2:$F$2903,"Jun")<Guide!$C$25,"",IFERROR(SUMIFS(Counts!$AD$2:$AD$2903,Counts!$B$2:$B$2903,$C$3,Counts!$C$2:$C$2903,$B46,Counts!$F$2:$F$2903,"Jun")/SUMIFS(Counts!$AC$2:$AC$2903,Counts!$B$2:$B$2903,$C$3,Counts!$C$2:$C$2903,$B46,Counts!$F$2:$F$2903,"Jun"),""))) -> 0.25 | F46: =IF($B46="","",IF(SUMIFS(Counts!$P$2:$P$2903,Counts!$B$2:$B$2903,$C$3,Counts!$C$2:$C$2903,$B46,Counts!$F$2:$F$2903,"Jul")<Guide!$C$25,"",IFERROR(SUMIFS(Counts!$AD$2:$AD$2903,Counts!$B$2:$B$2903,$C$3,Counts!$C$2:$C$2903,$B46,Counts!$F$2:$F$2903,"Jul")/SUMIFS(Counts!$AC$2:$AC$2903,Counts!$B$2:$B$2903,$C$3,Counts!$C$2:$C$2903,$B46,Counts!$F$2:$F$2903,"Jul"),""))) | G46: =IF($B46="","",IF(SUMIFS(Counts!$P$2:$P$2903,Counts!$B$2:$B$2903,$C$3,Counts!$C$2:$C$2903,$B46,Counts!$F$2:$F$2903,"Aug")<Guide!$C$25,"",IFERROR(SUMIFS(Counts!$AD$2:$AD$2903,Counts!$B$2:$B$2903,$C$3,Counts!$C$2:$C$2903,$B46,Counts!$F$2:$F$2903,"Aug")/SUMIFS(Counts!$AC$2:$AC$2903,Counts!$B$2:$B$2903,$C$3,Counts!$C$2:$C$2903,$B46,Counts!$F$2:$F$2903,"Aug"),""))) | H46: =IF($B46="","",IF(SUMIFS(Counts!$P$2:$P$2903,Counts!$B$2:$B$2903,$C$3,Counts!$C$2:$C$2903,$B46,Counts!$F$2:$F$2903,"Sep")<Guide!$C$25,"",IFERROR(SUMIFS(Counts!$AD$2:$AD$2903,Counts!$B$2:$B$2903,$C$3,Counts!$C$2:$C$2903,$B46,Counts!$F$2:$F$2903,"Sep")/SUMIFS(Counts!$AC$2:$AC$2903,Counts!$B$2:$B$2903,$C$3,Counts!$C$2:$C$2903,$B46,Counts!$F$2:$F$2903,"Sep"),""))) | I46: =IF($B46="","",IFERROR(SUMIFS(Counts!$AD$2:$AD$2903,Counts!$B$2:$B$2903,$C$3,Counts!$C$2:$C$2903,$B46)/SUMIFS(Counts!$AC$2:$AC$2903,Counts!$B$2:$B$2903,$C$3,Counts!$C$2:$C$2903,$B46),"")) -> 0.15384615
B47: =IF(14<=COUNTIF(Lists!$F$1:$F$556,$C$3),INDEX(Lists!$G$1:$G$556,MATCH($C$3,Lists!$F$1:$F$556,0)+13),"") -> Tommy White | C47: =IF($B47="","",IF(SUMIFS(Counts!$P$2:$P$2903,Counts!$B$2:$B$2903,$C$3,Counts!$C$2:$C$2903,$B47,Counts!$F$2:$F$2903,"Mar-Apr")<Guide!$C$25,"",IFERROR(SUMIFS(Counts!$AD$2:$AD$2903,Counts!$B$2:$B$2903,$C$3,Counts!$C$2:$C$2903,$B47,Counts!$F$2:$F$2903,"Mar-Apr")/SUMIFS(Counts!$AC$2:$AC$2903,Counts!$B$2:$B$2903,$C$3,Counts!$C$2:$C$2903,$B47,Counts!$F$2:$F$2903,"Mar-Apr"),""))) | D47: =IF($B47="","",IF(SUMIFS(Counts!$P$2:$P$2903,Counts!$B$2:$B$2903,$C$3,Counts!$C$2:$C$2903,$B47,Counts!$F$2:$F$2903,"May")<Guide!$C$25,"",IFERROR(SUMIFS(Counts!$AD$2:$AD$2903,Counts!$B$2:$B$2903,$C$3,Counts!$C$2:$C$2903,$B47,Counts!$F$2:$F$2903,"May")/SUMIFS(Counts!$AC$2:$AC$2903,Counts!$B$2:$B$2903,$C$3,Counts!$C$2:$C$2903,$B47,Counts!$F$2:$F$2903,"May"),""))) | E47: =IF($B47="","",IF(SUMIFS(Counts!$P$2:$P$2903,Counts!$B$2:$B$2903,$C$3,Counts!$C$2:$C$2903,$B47,Counts!$F$2:$F$2903,"Jun")<Guide!$C$25,"",IFERROR(SUMIFS(Counts!$AD$2:$AD$2903,Counts!$B$2:$B$2903,$C$3,Counts!$C$2:$C$2903,$B47,Counts!$F$2:$F$2903,"Jun")/SUMIFS(Counts!$AC$2:$AC$2903,Counts!$B$2:$B$2903,$C$3,Counts!$C$2:$C$2903,$B47,Counts!$F$2:$F$2903,"Jun"),""))) | F47: =IF($B47="","",IF(SUMIFS(Counts!$P$2:$P$2903,Counts!$B$2:$B$2903,$C$3,Counts!$C$2:$C$2903,$B47,Counts!$F$2:$F$2903,"Jul")<Guide!$C$25,"",IFERROR(SUMIFS(Counts!$AD$2:$AD$2903,Counts!$B$2:$B$2903,$C$3,Counts!$C$2:$C$2903,$B47,Counts!$F$2:$F$2903,"Jul")/SUMIFS(Counts!$AC$2:$AC$2903,Counts!$B$2:$B$2903,$C$3,Counts!$C$2:$C$2903,$B47,Counts!$F$2:$F$2903,"Jul"),""))) -> 0.045454545 | G47: =IF($B47="","",IF(SUMIFS(Counts!$P$2:$P$2903,Counts!$B$2:$B$2903,$C$3,Counts!$C$2:$C$2903,$B47,Counts!$F$2:$F$2903,"Aug")<Guide!$C$25,"",IFERROR(SUMIFS(Counts!$AD$2:$AD$2903,Counts!$B$2:$B$2903,$C$3,Counts!$C$2:$C$2903,$B47,Counts!$F$2:$F$2903,"Aug")/SUMIFS(Counts!$AC$2:$AC$2903,Counts!$B$2:$B$2903,$C$3,Counts!$C$2:$C$2903,$B47,Counts!$F$2:$F$2903,"Aug"),""))) -> 0.1 | H47: =IF($B47="","",IF(SUMIFS(Counts!$P$2:$P$2903,Counts!$B$2:$B$2903,$C$3,Counts!$C$2:$C$2903,$B47,Counts!$F$2:$F$2903,"Sep")<Guide!$C$25,"",IFERROR(SUMIFS(Counts!$AD$2:$AD$2903,Counts!$B$2:$B$2903,$C$3,Counts!$C$2:$C$2903,$B47,Counts!$F$2:$F$2903,"Sep")/SUMIFS(Counts!$AC$2:$AC$2903,Counts!$B$2:$B$2903,$C$3,Counts!$C$2:$C$2903,$B47,Counts!$F$2:$F$2903,"Sep"),""))) -> 0.032258065 | I47: =IF($B47="","",IFERROR(SUMIFS(Counts!$AD$2:$AD$2903,Counts!$B$2:$B$2903,$C$3,Counts!$C$2:$C$2903,$B47)/SUMIFS(Counts!$AC$2:$AC$2903,Counts!$B$2:$B$2903,$C$3,Counts!$C$2:$C$2903,$B47),"")) -> 0.070967742
B48: =IF(15<=COUNTIF(Lists!$F$1:$F$556,$C$3),INDEX(Lists!$G$1:$G$556,MATCH($C$3,Lists!$F$1:$F$556,0)+14),"") -> Donovan Walton | C48: =IF($B48="","",IF(SUMIFS(Counts!$P$2:$P$2903,Counts!$B$2:$B$2903,$C$3,Counts!$C$2:$C$2903,$B48,Counts!$F$2:$F$2903,"Mar-Apr")<Guide!$C$25,"",IFERROR(SUMIFS(Counts!$AD$2:$AD$2903,Counts!$B$2:$B$2903,$C$3,Counts!$C$2:$C$2903,$B48,Counts!$F$2:$F$2903,"Mar-Apr")/SUMIFS(Counts!$AC$2:$AC$2903,Counts!$B$2:$B$2903,$C$3,Counts!$C$2:$C$2903,$B48,Counts!$F$2:$F$2903,"Mar-Apr"),""))) | D48: =IF($B48="","",IF(SUMIFS(Counts!$P$2:$P$2903,Counts!$B$2:$B$2903,$C$3,Counts!$C$2:$C$2903,$B48,Counts!$F$2:$F$2903,"May")<Guide!$C$25,"",IFERROR(SUMIFS(Counts!$AD$2:$AD$2903,Counts!$B$2:$B$2903,$C$3,Counts!$C$2:$C$2903,$B48,Counts!$F$2:$F$2903,"May")/SUMIFS(Counts!$AC$2:$AC$2903,Counts!$B$2:$B$2903,$C$3,Counts!$C$2:$C$2903,$B48,Counts!$F$2:$F$2903,"May"),""))) | E48: =IF($B48="","",IF(SUMIFS(Counts!$P$2:$P$2903,Counts!$B$2:$B$2903,$C$3,Counts!$C$2:$C$2903,$B48,Counts!$F$2:$F$2903,"Jun")<Guide!$C$25,"",IFERROR(SUMIFS(Counts!$AD$2:$AD$2903,Counts!$B$2:$B$2903,$C$3,Counts!$C$2:$C$2903,$B48,Counts!$F$2:$F$2903,"Jun")/SUMIFS(Counts!$AC$2:$AC$2903,Counts!$B$2:$B$2903,$C$3,Counts!$C$2:$C$2903,$B48,Counts!$F$2:$F$2903,"Jun"),""))) | F48: =IF($B48="","",IF(SUMIFS(Counts!$P$2:$P$2903,Counts!$B$2:$B$2903,$C$3,Counts!$C$2:$C$2903,$B48,Counts!$F$2:$F$2903,"Jul")<Guide!$C$25,"",IFERROR(SUMIFS(Counts!$AD$2:$AD$2903,Counts!$B$2:$B$2903,$C$3,Counts!$C$2:$C$2903,$B48,Counts!$F$2:$F$2903,"Jul")/SUMIFS(Counts!$AC$2:$AC$2903,Counts!$B$2:$B$2903,$C$3,Counts!$C$2:$C$2903,$B48,Counts!$F$2:$F$2903,"Jul"),""))) -> 0 | G48: =IF($B48="","",IF(SUMIFS(Counts!$P$2:$P$2903,Counts!$B$2:$B$2903,$C$3,Counts!$C$2:$C$2903,$B48,Counts!$F$2:$F$2903,"Aug")<Guide!$C$25,"",IFERROR(SUMIFS(Counts!$AD$2:$AD$2903,Counts!$B$2:$B$2903,$C$3,Counts!$C$2:$C$2903,$B48,Counts!$F$2:$F$2903,"Aug")/SUMIFS(Counts!$AC$2:$AC$2903,Counts!$B$2:$B$2903,$C$3,Counts!$C$2:$C$2903,$B48,Counts!$F$2:$F$2903,"Aug"),""))) -> 0.042553191 | H48: =IF($B48="","",IF(SUMIFS(Counts!$P$2:$P$2903,Counts!$B$2:$B$2903,$C$3,Counts!$C$2:$C$2903,$B48,Counts!$F$2:$F$2903,"Sep")<Guide!$C$25,"",IFERROR(SUMIFS(Counts!$AD$2:$AD$2903,Counts!$B$2:$B$2903,$C$3,Counts!$C$2:$C$2903,$B48,Counts!$F$2:$F$2903,"Sep")/SUMIFS(Counts!$AC$2:$AC$2903,Counts!$B$2:$B$2903,$C$3,Counts!$C$2:$C$2903,$B48,Counts!$F$2:$F$2903,"Sep"),""))) -> 0.06122449 | I48: =IF($B48="","",IFERROR(SUMIFS(Counts!$AD$2:$AD$2903,Counts!$B$2:$B$2903,$C$3,Counts!$C$2:$C$2903,$B48)/SUMIFS(Counts!$AC$2:$AC$2903,Counts!$B$2:$B$2903,$C$3,Counts!$C$2:$C$2903,$B48),"")) -> 0.044247788
B49: =IF(16<=COUNTIF(Lists!$F$1:$F$556,$C$3),INDEX(Lists!$G$1:$G$556,MATCH($C$3,Lists!$F$1:$F$556,0)+15),"") -> Darell Hernaiz | C49: =IF($B49="","",IF(SUMIFS(Counts!$P$2:$P$2903,Counts!$B$2:$B$2903,$C$3,Counts!$C$2:$C$2903,$B49,Counts!$F$2:$F$2903,"Mar-Apr")<Guide!$C$25,"",IFERROR(SUMIFS(Counts!$AD$2:$AD$2903,Counts!$B$2:$B$2903,$C$3,Counts!$C$2:$C$2903,$B49,Counts!$F$2:$F$2903,"Mar-Apr")/SUMIFS(Counts!$AC$2:$AC$2903,Counts!$B$2:$B$2903,$C$3,Counts!$C$2:$C$2903,$B49,Counts!$F$2:$F$2903,"Mar-Apr"),""))) -> 0 | D49: =IF($B49="","",IF(SUMIFS(Counts!$P$2:$P$2903,Counts!$B$2:$B$2903,$C$3,Counts!$C$2:$C$2903,$B49,Counts!$F$2:$F$2903,"May")<Guide!$C$25,"",IFERROR(SUMIFS(Counts!$AD$2:$AD$2903,Counts!$B$2:$B$2903,$C$3,Counts!$C$2:$C$2903,$B49,Counts!$F$2:$F$2903,"May")/SUMIFS(Counts!$AC$2:$AC$2903,Counts!$B$2:$B$2903,$C$3,Counts!$C$2:$C$2903,$B49,Counts!$F$2:$F$2903,"May"),""))) -> 0.01754386 | E49: =IF($B49="","",IF(SUMIFS(Counts!$P$2:$P$2903,Counts!$B$2:$B$2903,$C$3,Counts!$C$2:$C$2903,$B49,Counts!$F$2:$F$2903,"Jun")<Guide!$C$25,"",IFERROR(SUMIFS(Counts!$AD$2:$AD$2903,Counts!$B$2:$B$2903,$C$3,Counts!$C$2:$C$2903,$B49,Counts!$F$2:$F$2903,"Jun")/SUMIFS(Counts!$AC$2:$AC$2903,Counts!$B$2:$B$2903,$C$3,Counts!$C$2:$C$2903,$B49,Counts!$F$2:$F$2903,"Jun"),""))) | F49: =IF($B49="","",IF(SUMIFS(Counts!$P$2:$P$2903,Counts!$B$2:$B$2903,$C$3,Counts!$C$2:$C$2903,$B49,Counts!$F$2:$F$2903,"Jul")<Guide!$C$25,"",IFERROR(SUMIFS(Counts!$AD$2:$AD$2903,Counts!$B$2:$B$2903,$C$3,Counts!$C$2:$C$2903,$B49,Counts!$F$2:$F$2903,"Jul")/SUMIFS(Counts!$AC$2:$AC$2903,Counts!$B$2:$B$2903,$C$3,Counts!$C$2:$C$2903,$B49,Counts!$F$2:$F$2903,"Jul"),""))) | G49: =IF($B49="","",IF(SUMIFS(Counts!$P$2:$P$2903,Counts!$B$2:$B$2903,$C$3,Counts!$C$2:$C$2903,$B49,Counts!$F$2:$F$2903,"Aug")<Guide!$C$25,"",IFERROR(SUMIFS(Counts!$AD$2:$AD$2903,Counts!$B$2:$B$2903,$C$3,Counts!$C$2:$C$2903,$B49,Counts!$F$2:$F$2903,"Aug")/SUMIFS(Counts!$AC$2:$AC$2903,Counts!$B$2:$B$2903,$C$3,Counts!$C$2:$C$2903,$B49,Counts!$F$2:$F$2903,"Aug"),""))) -> 0 | H49: =IF($B49="","",IF(SUMIFS(Counts!$P$2:$P$2903,Counts!$B$2:$B$2903,$C$3,Counts!$C$2:$C$2903,$B49,Counts!$F$2:$F$2903,"Sep")<Guide!$C$25,"",IFERROR(SUMIFS(Counts!$AD$2:$AD$2903,Counts!$B$2:$B$2903,$C$3,Counts!$C$2:$C$2903,$B49,Counts!$F$2:$F$2903,"Sep")/SUMIFS(Counts!$AC$2:$AC$2903,Counts!$B$2:$B$2903,$C$3,Counts!$C$2:$C$2903,$B49,Counts!$F$2:$F$2903,"Sep"),""))) | I49: =IF($B49="","",IFERROR(SUMIFS(Counts!$AD$2:$AD$2903,Counts!$B$2:$B$2903,$C$3,Counts!$C$2:$C$2903,$B49)/SUMIFS(Counts!$AC$2:$AC$2903,Counts!$B$2:$B$2903,$C$3,Counts!$C$2:$C$2903,$B49),"")) -> 0.0091743119
B50: =IF(17<=COUNTIF(Lists!$F$1:$F$556,$C$3),INDEX(Lists!$G$1:$G$556,MATCH($C$3,Lists!$F$1:$F$556,0)+16),"") -> Colby Thomas | C50: =IF($B50="","",IF(SUMIFS(Counts!$P$2:$P$2903,Counts!$B$2:$B$2903,$C$3,Counts!$C$2:$C$2903,$B50,Counts!$F$2:$F$2903,"Mar-Apr")<Guide!$C$25,"",IFERROR(SUMIFS(Counts!$AD$2:$AD$2903,Counts!$B$2:$B$2903,$C$3,Counts!$C$2:$C$2903,$B50,Counts!$F$2:$F$2903,"Mar-Apr")/SUMIFS(Counts!$AC$2:$AC$2903,Counts!$B$2:$B$2903,$C$3,Counts!$C$2:$C$2903,$B50,Counts!$F$2:$F$2903,"Mar-Apr"),""))) | D50: =IF($B50="","",IF(SUMIFS(Counts!$P$2:$P$2903,Counts!$B$2:$B$2903,$C$3,Counts!$C$2:$C$2903,$B50,Counts!$F$2:$F$2903,"May")<Guide!$C$25,"",IFERROR(SUMIFS(Counts!$AD$2:$AD$2903,Counts!$B$2:$B$2903,$C$3,Counts!$C$2:$C$2903,$B50,Counts!$F$2:$F$2903,"May")/SUMIFS(Counts!$AC$2:$AC$2903,Counts!$B$2:$B$2903,$C$3,Counts!$C$2:$C$2903,$B50,Counts!$F$2:$F$2903,"May"),""))) -> 0.11538462 | E50: =IF($B50="","",IF(SUMIFS(Counts!$P$2:$P$2903,Counts!$B$2:$B$2903,$C$3,Counts!$C$2:$C$2903,$B50,Counts!$F$2:$F$2903,"Jun")<Guide!$C$25,"",IFERROR(SUMIFS(Counts!$AD$2:$AD$2903,Counts!$B$2:$B$2903,$C$3,Counts!$C$2:$C$2903,$B50,Counts!$F$2:$F$2903,"Jun")/SUMIFS(Counts!$AC$2:$AC$2903,Counts!$B$2:$B$2903,$C$3,Counts!$C$2:$C$2903,$B50,Counts!$F$2:$F$2903,"Jun"),""))) -> 0.14814815 | F50: =IF($B50="","",IF(SUMIFS(Counts!$P$2:$P$2903,Counts!$B$2:$B$2903,$C$3,Counts!$C$2:$C$2903,$B50,Counts!$F$2:$F$2903,"Jul")<Guide!$C$25,"",IFERROR(SUMIFS(Counts!$AD$2:$AD$2903,Counts!$B$2:$B$2903,$C$3,Counts!$C$2:$C$2903,$B50,Counts!$F$2:$F$2903,"Jul")/SUMIFS(Counts!$AC$2:$AC$2903,Counts!$B$2:$B$2903,$C$3,Counts!$C$2:$C$2903,$B50,Counts!$F$2:$F$2903,"Jul"),""))) -> 0 | G50: =IF($B50="","",IF(SUMIFS(Counts!$P$2:$P$2903,Counts!$B$2:$B$2903,$C$3,Counts!$C$2:$C$2903,$B50,Counts!$F$2:$F$2903,"Aug")<Guide!$C$25,"",IFERROR(SUMIFS(Counts!$AD$2:$AD$2903,Counts!$B$2:$B$2903,$C$3,Counts!$C$2:$C$2903,$B50,Counts!$F$2:$F$2903,"Aug")/SUMIFS(Counts!$AC$2:$AC$2903,Counts!$B$2:$B$2903,$C$3,Counts!$C$2:$C$2903,$B50,Counts!$F$2:$F$2903,"Aug"),""))) | H50: =IF($B50="","",IF(SUMIFS(Counts!$P$2:$P$2903,Counts!$B$2:$B$2903,$C$3,Counts!$C$2:$C$2903,$B50,Counts!$F$2:$F$2903,"Sep")<Guide!$C$25,"",IFERROR(SUMIFS(Counts!$AD$2:$AD$2903,Counts!$B$2:$B$2903,$C$3,Counts!$C$2:$C$2903,$B50,Counts!$F$2:$F$2903,"Sep")/SUMIFS(Counts!$AC$2:$AC$2903,Counts!$B$2:$B$2903,$C$3,Counts!$C$2:$C$2903,$B50,Counts!$F$2:$F$2903,"Sep"),""))) | I50: =IF($B50="","",IFERROR(SUMIFS(Counts!$AD$2:$AD$2903,Counts!$B$2:$B$2903,$C$3,Counts!$C$2:$C$2903,$B50)/SUMIFS(Counts!$AC$2:$AC$2903,Counts!$B$2:$B$2903,$C$3,Counts!$C$2:$C$2903,$B50),"")) -> 0.088607595
B51: =IF(18<=COUNTIF(Lists!$F$1:$F$556,$C$3),INDEX(Lists!$G$1:$G$556,MATCH($C$3,Lists!$F$1:$F$556,0)+17),"") -> Denzel Clarke | C51: =IF($B51="","",IF(SUMIFS(Counts!$P$2:$P$2903,Counts!$B$2:$B$2903,$C$3,Counts!$C$2:$C$2903,$B51,Counts!$F$2:$F$2903,"Mar-Apr")<Guide!$C$25,"",IFERROR(SUMIFS(Counts!$AD$2:$AD$2903,Counts!$B$2:$B$2903,$C$3,Counts!$C$2:$C$2903,$B51,Counts!$F$2:$F$2903,"Mar-Apr")/SUMIFS(Counts!$AC$2:$AC$2903,Counts!$B$2:$B$2903,$C$3,Counts!$C$2:$C$2903,$B51,Counts!$F$2:$F$2903,"Mar-Apr"),""))) -> 0.03125 | D51: =IF($B51="","",IF(SUMIFS(Counts!$P$2:$P$2903,Counts!$B$2:$B$2903,$C$3,Counts!$C$2:$C$2903,$B51,Counts!$F$2:$F$2903,"May")<Guide!$C$25,"",IFERROR(SUMIFS(Counts!$AD$2:$AD$2903,Counts!$B$2:$B$2903,$C$3,Counts!$C$2:$C$2903,$B51,Counts!$F$2:$F$2903,"May")/SUMIFS(Counts!$AC$2:$AC$2903,Counts!$B$2:$B$2903,$C$3,Counts!$C$2:$C$2903,$B51,Counts!$F$2:$F$2903,"May"),""))) | E51: =IF($B51="","",IF(SUMIFS(Counts!$P$2:$P$2903,Counts!$B$2:$B$2903,$C$3,Counts!$C$2:$C$2903,$B51,Counts!$F$2:$F$2903,"Jun")<Guide!$C$25,"",IFERROR(SUMIFS(Counts!$AD$2:$AD$2903,Counts!$B$2:$B$2903,$C$3,Counts!$C$2:$C$2903,$B51,Counts!$F$2:$F$2903,"Jun")/SUMIFS(Counts!$AC$2:$AC$2903,Counts!$B$2:$B$2903,$C$3,Counts!$C$2:$C$2903,$B51,Counts!$F$2:$F$2903,"Jun"),""))) | F51: =IF($B51="","",IF(SUMIFS(Counts!$P$2:$P$2903,Counts!$B$2:$B$2903,$C$3,Counts!$C$2:$C$2903,$B51,Counts!$F$2:$F$2903,"Jul")<Guide!$C$25,"",IFERROR(SUMIFS(Counts!$AD$2:$AD$2903,Counts!$B$2:$B$2903,$C$3,Counts!$C$2:$C$2903,$B51,Counts!$F$2:$F$2903,"Jul")/SUMIFS(Counts!$AC$2:$AC$2903,Counts!$B$2:$B$2903,$C$3,Counts!$C$2:$C$2903,$B51,Counts!$F$2:$F$2903,"Jul"),""))) | G51: =IF($B51="","",IF(SUMIFS(Counts!$P$2:$P$2903,Counts!$B$2:$B$2903,$C$3,Counts!$C$2:$C$2903,$B51,Counts!$F$2:$F$2903,"Aug")<Guide!$C$25,"",IFERROR(SUMIFS(Counts!$AD$2:$AD$2903,Counts!$B$2:$B$2903,$C$3,Counts!$C$2:$C$2903,$B51,Counts!$F$2:$F$2903,"Aug")/SUMIFS(Counts!$AC$2:$AC$2903,Counts!$B$2:$B$2903,$C$3,Counts!$C$2:$C$2903,$B51,Counts!$F$2:$F$2903,"Aug"),""))) | H51: =IF($B51="","",IF(SUMIFS(Counts!$P$2:$P$2903,Counts!$B$2:$B$2903,$C$3,Counts!$C$2:$C$2903,$B51,Counts!$F$2:$F$2903,"Sep")<Guide!$C$25,"",IFERROR(SUMIFS(Counts!$AD$2:$AD$2903,Counts!$B$2:$B$2903,$C$3,Counts!$C$2:$C$2903,$B51,Counts!$F$2:$F$2903,"Sep")/SUMIFS(Counts!$AC$2:$AC$2903,Counts!$B$2:$B$2903,$C$3,Counts!$C$2:$C$2903,$B51,Counts!$F$2:$F$2903,"Sep"),""))) -> 0 | I51: =IF($B51="","",IFERROR(SUMIFS(Counts!$AD$2:$AD$2903,Counts!$B$2:$B$2903,$C$3,Counts!$C$2:$C$2903,$B51)/SUMIFS(Counts!$AC$2:$AC$2903,Counts!$B$2:$B$2903,$C$3,Counts!$C$2:$C$2903,$B51),"")) -> 0.02
B52: =IF(19<=COUNTIF(Lists!$F$1:$F$556,$C$3),INDEX(Lists!$G$1:$G$556,MATCH($C$3,Lists!$F$1:$F$556,0)+18),"") -> Brian Serven | C52: =IF($B52="","",IF(SUMIFS(Counts!$P$2:$P$2903,Counts!$B$2:$B$2903,$C$3,Counts!$C$2:$C$2903,$B52,Counts!$F$2:$F$2903,"Mar-Apr")<Guide!$C$25,"",IFERROR(SUMIFS(Counts!$AD$2:$AD$2903,Counts!$B$2:$B$2903,$C$3,Counts!$C$2:$C$2903,$B52,Counts!$F$2:$F$2903,"Mar-Apr")/SUMIFS(Counts!$AC$2:$AC$2903,Counts!$B$2:$B$2903,$C$3,Counts!$C$2:$C$2903,$B52,Counts!$F$2:$F$2903,"Mar-Apr"),""))) | D52: =IF($B52="","",IF(SUMIFS(Counts!$P$2:$P$2903,Counts!$B$2:$B$2903,$C$3,Counts!$C$2:$C$2903,$B52,Counts!$F$2:$F$2903,"May")<Guide!$C$25,"",IFERROR(SUMIFS(Counts!$AD$2:$AD$2903,Counts!$B$2:$B$2903,$C$3,Counts!$C$2:$C$2903,$B52,Counts!$F$2:$F$2903,"May")/SUMIFS(Counts!$AC$2:$AC$2903,Counts!$B$2:$B$2903,$C$3,Counts!$C$2:$C$2903,$B52,Counts!$F$2:$F$2903,"May"),""))) | E52: =IF($B52="","",IF(SUMIFS(Counts!$P$2:$P$2903,Counts!$B$2:$B$2903,$C$3,Counts!$C$2:$C$2903,$B52,Counts!$F$2:$F$2903,"Jun")<Guide!$C$25,"",IFERROR(SUMIFS(Counts!$AD$2:$AD$2903,Counts!$B$2:$B$2903,$C$3,Counts!$C$2:$C$2903,$B52,Counts!$F$2:$F$2903,"Jun")/SUMIFS(Counts!$AC$2:$AC$2903,Counts!$B$2:$B$2903,$C$3,Counts!$C$2:$C$2903,$B52,Counts!$F$2:$F$2903,"Jun"),""))) | F52: =IF($B52="","",IF(SUMIFS(Counts!$P$2:$P$2903,Counts!$B$2:$B$2903,$C$3,Counts!$C$2:$C$2903,$B52,Counts!$F$2:$F$2903,"Jul")<Guide!$C$25,"",IFERROR(SUMIFS(Counts!$AD$2:$AD$2903,Counts!$B$2:$B$2903,$C$3,Counts!$C$2:$C$2903,$B52,Counts!$F$2:$F$2903,"Jul")/SUMIFS(Counts!$AC$2:$AC$2903,Counts!$B$2:$B$2903,$C$3,Counts!$C$2:$C$2903,$B52,Counts!$F$2:$F$2903,"Jul"),""))) | G52: =IF($B52="","",IF(SUMIFS(Counts!$P$2:$P$2903,Counts!$B$2:$B$2903,$C$3,Counts!$C$2:$C$2903,$B52,Counts!$F$2:$F$2903,"Aug")<Guide!$C$25,"",IFERROR(SUMIFS(Counts!$AD$2:$AD$2903,Counts!$B$2:$B$2903,$C$3,Counts!$C$2:$C$2903,$B52,Counts!$F$2:$F$2903,"Aug")/SUMIFS(Counts!$AC$2:$AC$2903,Counts!$B$2:$B$2903,$C$3,Counts!$C$2:$C$2903,$B52,Counts!$F$2:$F$2903,"Aug"),""))) -> 0.125 | H52: =IF($B52="","",IF(SUMIFS(Counts!$P$2:$P$2903,Counts!$B$2:$B$2903,$C$3,Counts!$C$2:$C$2903,$B52,Counts!$F$2:$F$2903,"Sep")<Guide!$C$25,"",IFERROR(SUMIFS(Counts!$AD$2:$AD$2903,Counts!$B$2:$B$2903,$C$3,Counts!$C$2:$C$2903,$B52,Counts!$F$2:$F$2903,"Sep")/SUMIFS(Counts!$AC$2:$AC$2903,Counts!$B$2:$B$2903,$C$3,Counts!$C$2:$C$2903,$B52,Counts!$F$2:$F$2903,"Sep"),""))) -> 0 | I52: =IF($B52="","",IFERROR(SUMIFS(Counts!$AD$2:$AD$2903,Counts!$B$2:$B$2903,$C$3,Counts!$C$2:$C$2903,$B52)/SUMIFS(Counts!$AC$2:$AC$2903,Counts!$B$2:$B$2903,$C$3,Counts!$C$2:$C$2903,$B52),"")) -> 0.084745763
B53: =IF(20<=COUNTIF(Lists!$F$1:$F$556,$C$3),INDEX(Lists!$G$1:$G$556,MATCH($C$3,Lists!$F$1:$F$556,0)+19),"") -> Joshua Kuroda-Grauer | C53: =IF($B53="","",IF(SUMIFS(Counts!$P$2:$P$2903,Counts!$B$2:$B$2903,$C$3,Counts!$C$2:$C$2903,$B53,Counts!$F$2:$F$2903,"Mar-Apr")<Guide!$C$25,"",IFERROR(SUMIFS(Counts!$AD$2:$AD$2903,Counts!$B$2:$B$2903,$C$3,Counts!$C$2:$C$2903,$B53,Counts!$F$2:$F$2903,"Mar-Apr")/SUMIFS(Counts!$AC$2:$AC$2903,Counts!$B$2:$B$2903,$C$3,Counts!$C$2:$C$2903,$B53,Counts!$F$2:$F$2903,"Mar-Apr"),""))) | D53: =IF($B53="","",IF(SUMIFS(Counts!$P$2:$P$2903,Counts!$B$2:$B$2903,$C$3,Counts!$C$2:$C$2903,$B53,Counts!$F$2:$F$2903,"May")<Guide!$C$25,"",IFERROR(SUMIFS(Counts!$AD$2:$AD$2903,Counts!$B$2:$B$2903,$C$3,Counts!$C$2:$C$2903,$B53,Counts!$F$2:$F$2903,"May")/SUMIFS(Counts!$AC$2:$AC$2903,Counts!$B$2:$B$2903,$C$3,Counts!$C$2:$C$2903,$B53,Counts!$F$2:$F$2903,"May"),""))) | E53: =IF($B53="","",IF(SUMIFS(Counts!$P$2:$P$2903,Counts!$B$2:$B$2903,$C$3,Counts!$C$2:$C$2903,$B53,Counts!$F$2:$F$2903,"Jun")<Guide!$C$25,"",IFERROR(SUMIFS(Counts!$AD$2:$AD$2903,Counts!$B$2:$B$2903,$C$3,Counts!$C$2:$C$2903,$B53,Counts!$F$2:$F$2903,"Jun")/SUMIFS(Counts!$AC$2:$AC$2903,Counts!$B$2:$B$2903,$C$3,Counts!$C$2:$C$2903,$B53,Counts!$F$2:$F$2903,"Jun"),""))) | F53: =IF($B53="","",IF(SUMIFS(Counts!$P$2:$P$2903,Counts!$B$2:$B$2903,$C$3,Counts!$C$2:$C$2903,$B53,Counts!$F$2:$F$2903,"Jul")<Guide!$C$25,"",IFERROR(SUMIFS(Counts!$AD$2:$AD$2903,Counts!$B$2:$B$2903,$C$3,Counts!$C$2:$C$2903,$B53,Counts!$F$2:$F$2903,"Jul")/SUMIFS(Counts!$AC$2:$AC$2903,Counts!$B$2:$B$2903,$C$3,Counts!$C$2:$C$2903,$B53,Counts!$F$2:$F$2903,"Jul"),""))) -> 0.02173913 | G53: =IF($B53="","",IF(SUMIFS(Counts!$P$2:$P$2903,Counts!$B$2:$B$2903,$C$3,Counts!$C$2:$C$2903,$B53,Counts!$F$2:$F$2903,"Aug")<Guide!$C$25,"",IFERROR(SUMIFS(Counts!$AD$2:$AD$2903,Counts!$B$2:$B$2903,$C$3,Counts!$C$2:$C$2903,$B53,Counts!$F$2:$F$2903,"Aug")/SUMIFS(Counts!$AC$2:$AC$2903,Counts!$B$2:$B$2903,$C$3,Counts!$C$2:$C$2903,$B53,Counts!$F$2:$F$2903,"Aug"),""))) | H53: =IF($B53="","",IF(SUMIFS(Counts!$P$2:$P$2903,Counts!$B$2:$B$2903,$C$3,Counts!$C$2:$C$2903,$B53,Counts!$F$2:$F$2903,"Sep")<Guide!$C$25,"",IFERROR(SUMIFS(Counts!$AD$2:$AD$2903,Counts!$B$2:$B$2903,$C$3,Counts!$C$2:$C$2903,$B53,Counts!$F$2:$F$2903,"Sep")/SUMIFS(Counts!$AC$2:$AC$2903,Counts!$B$2:$B$2903,$C$3,Counts!$C$2:$C$2903,$B53,Counts!$F$2:$F$2903,"Sep"),""))) | I53: =IF($B53="","",IFERROR(SUMIFS(Counts!$AD$2:$AD$2903,Counts!$B$2:$B$2903,$C$3,Counts!$C$2:$C$2903,$B53)/SUMIFS(Counts!$AC$2:$AC$2903,Counts!$B$2:$B$2903,$C$3,Counts!$C$2:$C$2903,$B53),"")) -> 0.016393443
B54: =IF(21<=COUNTIF(Lists!$F$1:$F$556,$C$3),INDEX(Lists!$G$1:$G$556,MATCH($C$3,Lists!$F$1:$F$556,0)+20),"") | C54: =IF($B54="","",IF(SUMIFS(Counts!$P$2:$P$2903,Counts!$B$2:$B$2903,$C$3,Counts!$C$2:$C$2903,$B54,Counts!$F$2:$F$2903,"Mar-Apr")<Guide!$C$25,"",IFERROR(SUMIFS(Counts!$AD$2:$AD$2903,Counts!$B$2:$B$2903,$C$3,Counts!$C$2:$C$2903,$B54,Counts!$F$2:$F$2903,"Mar-Apr")/SUMIFS(Counts!$AC$2:$AC$2903,Counts!$B$2:$B$2903,$C$3,Counts!$C$2:$C$2903,$B54,Counts!$F$2:$F$2903,"Mar-Apr"),""))) | D54: =IF($B54="","",IF(SUMIFS(Counts!$P$2:$P$2903,Counts!$B$2:$B$2903,$C$3,Counts!$C$2:$C$2903,$B54,Counts!$F$2:$F$2903,"May")<Guide!$C$25,"",IFERROR(SUMIFS(Counts!$AD$2:$AD$2903,Counts!$B$2:$B$2903,$C$3,Counts!$C$2:$C$2903,$B54,Counts!$F$2:$F$2903,"May")/SUMIFS(Counts!$AC$2:$AC$2903,Counts!$B$2:$B$2903,$C$3,Counts!$C$2:$C$2903,$B54,Counts!$F$2:$F$2903,"May"),""))) | E54: =IF($B54="","",IF(SUMIFS(Counts!$P$2:$P$2903,Counts!$B$2:$B$2903,$C$3,Counts!$C$2:$C$2903,$B54,Counts!$F$2:$F$2903,"Jun")<Guide!$C$25,"",IFERROR(SUMIFS(Counts!$AD$2:$AD$2903,Counts!$B$2:$B$2903,$C$3,Counts!$C$2:$C$2903,$B54,Counts!$F$2:$F$2903,"Jun")/SUMIFS(Counts!$AC$2:$AC$2903,Counts!$B$2:$B$2903,$C$3,Counts!$C$2:$C$2903,$B54,Counts!$F$2:$F$2903,"Jun"),""))) | F54: =IF($B54="","",IF(SUMIFS(Counts!$P$2:$P$2903,Counts!$B$2:$B$2903,$C$3,Counts!$C$2:$C$2903,$B54,Counts!$F$2:$F$2903,"Jul")<Guide!$C$25,"",IFERROR(SUMIFS(Counts!$AD$2:$AD$2903,Counts!$B$2:$B$2903,$C$3,Counts!$C$2:$C$2903,$B54,Counts!$F$2:$F$2903,"Jul")/SUMIFS(Counts!$AC$2:$AC$2903,Counts!$B$2:$B$2903,$C$3,Counts!$C$2:$C$2903,$B54,Counts!$F$2:$F$2903,"Jul"),""))) | G54: =IF($B54="","",IF(SUMIFS(Counts!$P$2:$P$2903,Counts!$B$2:$B$2903,$C$3,Counts!$C$2:$C$2903,$B54,Counts!$F$2:$F$2903,"Aug")<Guide!$C$25,"",IFERROR(SUMIFS(Counts!$AD$2:$AD$2903,Counts!$B$2:$B$2903,$C$3,Counts!$C$2:$C$2903,$B54,Counts!$F$2:$F$2903,"Aug")/SUMIFS(Counts!$AC$2:$AC$2903,Counts!$B$2:$B$2903,$C$3,Counts!$C$2:$C$2903,$B54,Counts!$F$2:$F$2903,"Aug"),""))) | H54: =IF($B54="","",IF(SUMIFS(Counts!$P$2:$P$2903,Counts!$B$2:$B$2903,$C$3,Counts!$C$2:$C$2903,$B54,Counts!$F$2:$F$2903,"Sep")<Guide!$C$25,"",IFERROR(SUMIFS(Counts!$AD$2:$AD$2903,Counts!$B$2:$B$2903,$C$3,Counts!$C$2:$C$2903,$B54,Counts!$F$2:$F$2903,"Sep")/SUMIFS(Counts!$AC$2:$AC$2903,Counts!$B$2:$B$2903,$C$3,Counts!$C$2:$C$2903,$B54,Counts!$F$2:$F$2903,"Sep"),""))) | I54: =IF($B54="","",IFERROR(SUMIFS(Counts!$AD$2:$AD$2903,Counts!$B$2:$B$2903,$C$3,Counts!$C$2:$C$2903,$B54)/SUMIFS(Counts!$AC$2:$AC$2903,Counts!$B$2:$B$2903,$C$3,Counts!$C$2:$C$2903,$B54),""))
B55: =IF(22<=COUNTIF(Lists!$F$1:$F$556,$C$3),INDEX(Lists!$G$1:$G$556,MATCH($C$3,Lists!$F$1:$F$556,0)+21),"") | C55: =IF($B55="","",IF(SUMIFS(Counts!$P$2:$P$2903,Counts!$B$2:$B$2903,$C$3,Counts!$C$2:$C$2903,$B55,Counts!$F$2:$F$2903,"Mar-Apr")<Guide!$C$25,"",IFERROR(SUMIFS(Counts!$AD$2:$AD$2903,Counts!$B$2:$B$2903,$C$3,Counts!$C$2:$C$2903,$B55,Counts!$F$2:$F$2903,"Mar-Apr")/SUMIFS(Counts!$AC$2:$AC$2903,Counts!$B$2:$B$2903,$C$3,Counts!$C$2:$C$2903,$B55,Counts!$F$2:$F$2903,"Mar-Apr"),""))) | D55: =IF($B55="","",IF(SUMIFS(Counts!$P$2:$P$2903,Counts!$B$2:$B$2903,$C$3,Counts!$C$2:$C$2903,$B55,Counts!$F$2:$F$2903,"May")<Guide!$C$25,"",IFERROR(SUMIFS(Counts!$AD$2:$AD$2903,Counts!$B$2:$B$2903,$C$3,Counts!$C$2:$C$2903,$B55,Counts!$F$2:$F$2903,"May")/SUMIFS(Counts!$AC$2:$AC$2903,Counts!$B$2:$B$2903,$C$3,Counts!$C$2:$C$2903,$B55,Counts!$F$2:$F$2903,"May"),""))) | E55: =IF($B55="","",IF(SUMIFS(Counts!$P$2:$P$2903,Counts!$B$2:$B$2903,$C$3,Counts!$C$2:$C$2903,$B55,Counts!$F$2:$F$2903,"Jun")<Guide!$C$25,"",IFERROR(SUMIFS(Counts!$AD$2:$AD$2903,Counts!$B$2:$B$2903,$C$3,Counts!$C$2:$C$2903,$B55,Counts!$F$2:$F$2903,"Jun")/SUMIFS(Counts!$AC$2:$AC$2903,Counts!$B$2:$B$2903,$C$3,Counts!$C$2:$C$2903,$B55,Counts!$F$2:$F$2903,"Jun"),""))) | F55: =IF($B55="","",IF(SUMIFS(Counts!$P$2:$P$2903,Counts!$B$2:$B$2903,$C$3,Counts!$C$2:$C$2903,$B55,Counts!$F$2:$F$2903,"Jul")<Guide!$C$25,"",IFERROR(SUMIFS(Counts!$AD$2:$AD$2903,Counts!$B$2:$B$2903,$C$3,Counts!$C$2:$C$2903,$B55,Counts!$F$2:$F$2903,"Jul")/SUMIFS(Counts!$AC$2:$AC$2903,Counts!$B$2:$B$2903,$C$3,Counts!$C$2:$C$2903,$B55,Counts!$F$2:$F$2903,"Jul"),""))) | G55: =IF($B55="","",IF(SUMIFS(Counts!$P$2:$P$2903,Counts!$B$2:$B$2903,$C$3,Counts!$C$2:$C$2903,$B55,Counts!$F$2:$F$2903,"Aug")<Guide!$C$25,"",IFERROR(SUMIFS(Counts!$AD$2:$AD$2903,Counts!$B$2:$B$2903,$C$3,Counts!$C$2:$C$2903,$B55,Counts!$F$2:$F$2903,"Aug")/SUMIFS(Counts!$AC$2:$AC$2903,Counts!$B$2:$B$2903,$C$3,Counts!$C$2:$C$2903,$B55,Counts!$F$2:$F$2903,"Aug"),""))) | H55: =IF($B55="","",IF(SUMIFS(Counts!$P$2:$P$2903,Counts!$B$2:$B$2903,$C$3,Counts!$C$2:$C$2903,$B55,Counts!$F$2:$F$2903,"Sep")<Guide!$C$25,"",IFERROR(SUMIFS(Counts!$AD$2:$AD$2903,Counts!$B$2:$B$2903,$C$3,Counts!$C$2:$C$2903,$B55,Counts!$F$2:$F$2903,"Sep")/SUMIFS(Counts!$AC$2:$AC$2903,Counts!$B$2:$B$2903,$C$3,Counts!$C$2:$C$2903,$B55,Counts!$F$2:$F$2903,"Sep"),""))) | I55: =IF($B55="","",IFERROR(SUMIFS(Counts!$AD$2:$AD$2903,Counts!$B$2:$B$2903,$C$3,Counts!$C$2:$C$2903,$B55)/SUMIFS(Counts!$AC$2:$AC$2903,Counts!$B$2:$B$2903,$C$3,Counts!$C$2:$C$2903,$B55),""))
B56: =IF(23<=COUNTIF(Lists!$F$1:$F$556,$C$3),INDEX(Lists!$G$1:$G$556,MATCH($C$3,Lists!$F$1:$F$556,0)+22),"") | C56: =IF($B56="","",IF(SUMIFS(Counts!$P$2:$P$2903,Counts!$B$2:$B$2903,$C$3,Counts!$C$2:$C$2903,$B56,Counts!$F$2:$F$2903,"Mar-Apr")<Guide!$C$25,"",IFERROR(SUMIFS(Counts!$AD$2:$AD$2903,Counts!$B$2:$B$2903,$C$3,Counts!$C$2:$C$2903,$B56,Counts!$F$2:$F$2903,"Mar-Apr")/SUMIFS(Counts!$AC$2:$AC$2903,Counts!$B$2:$B$2903,$C$3,Counts!$C$2:$C$2903,$B56,Counts!$F$2:$F$2903,"Mar-Apr"),""))) | D56: =IF($B56="","",IF(SUMIFS(Counts!$P$2:$P$2903,Counts!$B$2:$B$2903,$C$3,Counts!$C$2:$C$2903,$B56,Counts!$F$2:$F$2903,"May")<Guide!$C$25,"",IFERROR(SUMIFS(Counts!$AD$2:$AD$2903,Counts!$B$2:$B$2903,$C$3,Counts!$C$2:$C$2903,$B56,Counts!$F$2:$F$2903,"May")/SUMIFS(Counts!$AC$2:$AC$2903,Counts!$B$2:$B$2903,$C$3,Counts!$C$2:$C$2903,$B56,Counts!$F$2:$F$2903,"May"),""))) | E56: =IF($B56="","",IF(SUMIFS(Counts!$P$2:$P$2903,Counts!$B$2:$B$2903,$C$3,Counts!$C$2:$C$2903,$B56,Counts!$F$2:$F$2903,"Jun")<Guide!$C$25,"",IFERROR(SUMIFS(Counts!$AD$2:$AD$2903,Counts!$B$2:$B$2903,$C$3,Counts!$C$2:$C$2903,$B56,Counts!$F$2:$F$2903,"Jun")/SUMIFS(Counts!$AC$2:$AC$2903,Counts!$B$2:$B$2903,$C$3,Counts!$C$2:$C$2903,$B56,Counts!$F$2:$F$2903,"Jun"),""))) | F56: =IF($B56="","",IF(SUMIFS(Counts!$P$2:$P$2903,Counts!$B$2:$B$2903,$C$3,Counts!$C$2:$C$2903,$B56,Counts!$F$2:$F$2903,"Jul")<Guide!$C$25,"",IFERROR(SUMIFS(Counts!$AD$2:$AD$2903,Counts!$B$2:$B$2903,$C$3,Counts!$C$2:$C$2903,$B56,Counts!$F$2:$F$2903,"Jul")/SUMIFS(Counts!$AC$2:$AC$2903,Counts!$B$2:$B$2903,$C$3,Counts!$C$2:$C$2903,$B56,Counts!$F$2:$F$2903,"Jul"),""))) | G56: =IF($B56="","",IF(SUMIFS(Counts!$P$2:$P$2903,Counts!$B$2:$B$2903,$C$3,Counts!$C$2:$C$2903,$B56,Counts!$F$2:$F$2903,"Aug")<Guide!$C$25,"",IFERROR(SUMIFS(Counts!$AD$2:$AD$2903,Counts!$B$2:$B$2903,$C$3,Counts!$C$2:$C$2903,$B56,Counts!$F$2:$F$2903,"Aug")/SUMIFS(Counts!$AC$2:$AC$2903,Counts!$B$2:$B$2903,$C$3,Counts!$C$2:$C$2903,$B56,Counts!$F$2:$F$2903,"Aug"),""))) | H56: =IF($B56="","",IF(SUMIFS(Counts!$P$2:$P$2903,Counts!$B$2:$B$2903,$C$3,Counts!$C$2:$C$2903,$B56,Counts!$F$2:$F$2903,"Sep")<Guide!$C$25,"",IFERROR(SUMIFS(Counts!$AD$2:$AD$2903,Counts!$B$2:$B$2903,$C$3,Counts!$C$2:$C$2903,$B56,Counts!$F$2:$F$2903,"Sep")/SUMIFS(Counts!$AC$2:$AC$2903,Counts!$B$2:$B$2903,$C$3,Counts!$C$2:$C$2903,$B56,Counts!$F$2:$F$2903,"Sep"),""))) | I56: =IF($B56="","",IFERROR(SUMIFS(Counts!$AD$2:$AD$2903,Counts!$B$2:$B$2903,$C$3,Counts!$C$2:$C$2903,$B56)/SUMIFS(Counts!$AC$2:$AC$2903,Counts!$B$2:$B$2903,$C$3,Counts!$C$2:$C$2903,$B56),""))
B59: Chase%
B60: Hitter | C60: Mar-Apr | D60: May | E60: Jun | F60: Jul | G60: Aug | H60: Sep | I60: Season
B61: =IF(1<=COUNTIF(Lists!$F$1:$F$556,$C$3),INDEX(Lists!$G$1:$G$556,MATCH($C$3,Lists!$F$1:$F$556,0)+0),"") -> Lawrence Butler | C61: =IF($B61="","",IF(SUMIFS(Counts!$P$2:$P$2903,Counts!$B$2:$B$2903,$C$3,Counts!$C$2:$C$2903,$B61,Counts!$F$2:$F$2903,"Mar-Apr")<Guide!$C$25,"",IFERROR(SUMIFS(Counts!$N$2:$N$2903,Counts!$B$2:$B$2903,$C$3,Counts!$C$2:$C$2903,$B61,Counts!$F$2:$F$2903,"Mar-Apr")/SUMIFS(Counts!$M$2:$M$2903,Counts!$B$2:$B$2903,$C$3,Counts!$C$2:$C$2903,$B61,Counts!$F$2:$F$2903,"Mar-Apr"),""))) -> 0.26046512 | D61: =IF($B61="","",IF(SUMIFS(Counts!$P$2:$P$2903,Counts!$B$2:$B$2903,$C$3,Counts!$C$2:$C$2903,$B61,Counts!$F$2:$F$2903,"May")<Guide!$C$25,"",IFERROR(SUMIFS(Counts!$N$2:$N$2903,Counts!$B$2:$B$2903,$C$3,Counts!$C$2:$C$2903,$B61,Counts!$F$2:$F$2903,"May")/SUMIFS(Counts!$M$2:$M$2903,Counts!$B$2:$B$2903,$C$3,Counts!$C$2:$C$2903,$B61,Counts!$F$2:$F$2903,"May"),""))) -> 0.19548872 | E61: =IF($B61="","",IF(SUMIFS(Counts!$P$2:$P$2903,Counts!$B$2:$B$2903,$C$3,Counts!$C$2:$C$2903,$B61,Counts!$F$2:$F$2903,"Jun")<Guide!$C$25,"",IFERROR(SUMIFS(Counts!$N$2:$N$2903,Counts!$B$2:$B$2903,$C$3,Counts!$C$2:$C$2903,$B61,Counts!$F$2:$F$2903,"Jun")/SUMIFS(Counts!$M$2:$M$2903,Counts!$B$2:$B$2903,$C$3,Counts!$C$2:$C$2903,$B61,Counts!$F$2:$F$2903,"Jun"),""))) -> 0.27737226 | F61: =IF($B61="","",IF(SUMIFS(Counts!$P$2:$P$2903,Counts!$B$2:$B$2903,$C$3,Counts!$C$2:$C$2903,$B61,Counts!$F$2:$F$2903,"Jul")<Guide!$C$25,"",IFERROR(SUMIFS(Counts!$N$2:$N$2903,Counts!$B$2:$B$2903,$C$3,Counts!$C$2:$C$2903,$B61,Counts!$F$2:$F$2903,"Jul")/SUMIFS(Counts!$M$2:$M$2903,Counts!$B$2:$B$2903,$C$3,Counts!$C$2:$C$2903,$B61,Counts!$F$2:$F$2903,"Jul"),""))) -> 0.22404372 | G61: =IF($B61="","",IF(SUMIFS(Counts!$P$2:$P$2903,Counts!$B$2:$B$2903,$C$3,Counts!$C$2:$C$2903,$B61,Counts!$F$2:$F$2903,"Aug")<Guide!$C$25,"",IFERROR(SUMIFS(Counts!$N$2:$N$2903,Counts!$B$2:$B$2903,$C$3,Counts!$C$2:$C$2903,$B61,Counts!$F$2:$F$2903,"Aug")/SUMIFS(Counts!$M$2:$M$2903,Counts!$B$2:$B$2903,$C$3,Counts!$C$2:$C$2903,$B61,Counts!$F$2:$F$2903,"Aug"),""))) -> 0.25378788 | H61: =IF($B61="","",IF(SUMIFS(Counts!$P$2:$P$2903,Counts!$B$2:$B$2903,$C$3,Counts!$C$2:$C$2903,$B61,Counts!$F$2:$F$2903,"Sep")<Guide!$C$25,"",IFERROR(SUMIFS(Counts!$N$2:$N$2903,Counts!$B$2:$B$2903,$C$3,Counts!$C$2:$C$2903,$B61,Counts!$F$2:$F$2903,"Sep")/SUMIFS(Counts!$M$2:$M$2903,Counts!$B$2:$B$2903,$C$3,Counts!$C$2:$C$2903,$B61,Counts!$F$2:$F$2903,"Sep"),""))) -> 0.25 | I61: =IF($B61="","",IFERROR(SUMIFS(Counts!$N$2:$N$2903,Counts!$B$2:$B$2903,$C$3,Counts!$C$2:$C$2903,$B61)/SUMIFS(Counts!$M$2:$M$2903,Counts!$B$2:$B$2903,$C$3,Counts!$C$2:$C$2903,$B61),"")) -> 0.24568966
